34af7906-2fbe-4f40-858f-15b32f3d73c9,Testing,500000,MWK,c870e355-3b09-40f8-9d18-b29693841c42,false,false,c870e355-3b09-40f8-9d18-b29693841c42,c870e355-3b09-40f8-9d18-b29693841c42,2022-02-03 14:00:00 +02:00,2022-02-03 14:00:00 +02:00
b5cfaa28-357e-4d3c-816c-a1b08d027d14,Testing,500000,ZMW,c870e355-3b09-40f8-9d18-b29693841c42,false,false,c870e355-3b09-40f8-9d18-b29693841c42,c870e355-3b09-40f8-9d18-b29693841c42,2022-02-03 14:00:00 +02:00,2022-02-03 14:00:00 +02:00
1e2b02fb-cde9-4a58-b702-7209522fd02a,Testing,500000,MWK,c28f3f1f-099b-42de-bd60-8b4bc117a199,false,false,c28f3f1f-099b-42de-bd60-8b4bc117a199,c28f3f1f-099b-42de-bd60-8b4bc117a199,2022-02-03 14:00:00 +02:00,2022-02-03 14:00:00 +02:00
bec31860-f262-4eaa-a754-60d85a704566,Testing,500000,ZMW,c28f3f1f-099b-42de-bd60-8b4bc117a199,false,false,c28f3f1f-099b-42de-bd60-8b4bc117a199,c28f3f1f-099b-42de-bd60-8b4bc117a199,2022-02-03 14:00:00 +02:00,2022-02-03 14:00:00 +02:00
44d8d253-ea14-4351-880b-f62bf4b23059,Testing,500000,MWK,75c34adc-5d75-407d-b31c-fe5d2bd8642b,false,false,75c34adc-5d75-407d-b31c-fe5d2bd8642b,75c34adc-5d75-407d-b31c-fe5d2bd8642b,2022-02-03 14:00:00 +02:00,2022-02-03 14:00:00 +02:00
2596414d-9b60-4e68-be6c-7d6a629b4076,Testing,500000,ZMW,75c34adc-5d75-407d-b31c-fe5d2bd8642b,false,false,75c34adc-5d75-407d-b31c-fe5d2bd8642b,75c34adc-5d75-407d-b31c-fe5d2bd8642b,2022-02-03 14:00:00 +02:00,2022-02-03 14:00:00 +02:00
95203319-df76-45be-82d4-b9b5507978a5,Testing,500000,MWK,8d3606e4-d992-48d2-aa7c-9f62b6ecbd9e,false,false,8d3606e4-d992-48d2-aa7c-9f62b6ecbd9e,8d3606e4-d992-48d2-aa7c-9f62b6ecbd9e,2022-02-03 14:00:00 +02:00,2022-02-03 14:00:00 +02:00
c4f0fe59-4a61-4801-9200-34c1a0db61de,Testing,500000,ZMW,8d3606e4-d992-48d2-aa7c-9f62b6ecbd9e,false,false,8d3606e4-d992-48d2-aa7c-9f62b6ecbd9e,8d3606e4-d992-48d2-aa7c-9f62b6ecbd9e,2022-02-03 14:00:00 +02:00,2022-02-03 14:00:00 +02:00
40553f1b-b0b0-420b-88b8-06ea29221c90,Testing,500000,MWK,b13b0ae1-f8fe-4e23-8647-9d500896fb2a,false,false,b13b0ae1-f8fe-4e23-8647-9d500896fb2a,b13b0ae1-f8fe-4e23-8647-9d500896fb2a,2022-02-03 14:00:00 +02:00,2022-02-03 14:00:00 +02:00
d7095379-7930-4c6c-aa0f-98b4f25ae3eb,Testing,500000,ZMW,b13b0ae1-f8fe-4e23-8647-9d500896fb2a,false,false,b13b0ae1-f8fe-4e23-8647-9d500896fb2a,b13b0ae1-f8fe-4e23-8647-9d500896fb2a,2022-02-03 14:00:00 +02:00,2022-02-03 14:00:00 +02:00
9ea6aa54-8d92-4c5f-b7ed-a3bff10bc675,Testing,500000,MWK,39e71a98-970b-420f-bf05-5df41d413377,false,false,39e71a98-970b-420f-bf05-5df41d413377,39e71a98-970b-420f-bf05-5df41d413377,2022-02-03 14:00:00 +02:00,2022-02-03 14:00:00 +02:00
6cd4544e-ee80-4b73-bf0b-81bfc2bffb24,Testing,500000,ZMW,39e71a98-970b-420f-bf05-5df41d413377,false,false,39e71a98-970b-420f-bf05-5df41d413377,39e71a98-970b-420f-bf05-5df41d413377,2022-02-03 14:00:00 +02:00,2022-02-03 14:00:00 +02:00
0a52247c-dd08-4ac0-b95c-2a22cf268bdf,Testing,500000,MWK,5320fa88-b6f2-4563-b46c-05e38d165bc8,false,false,5320fa88-b6f2-4563-b46c-05e38d165bc8,5320fa88-b6f2-4563-b46c-05e38d165bc8,2022-02-03 14:00:00 +02:00,2022-02-03 14:00:00 +02:00
231bf0ac-8cf2-4eaf-84d4-28bafa65ff5d,Testing,500000,ZMW,5320fa88-b6f2-4563-b46c-05e38d165bc8,false,false,5320fa88-b6f2-4563-b46c-05e38d165bc8,5320fa88-b6f2-4563-b46c-05e38d165bc8,2022-02-03 14:00:00 +02:00,2022-02-03 14:00:00 +02:00
4d0ef717-c9eb-4b76-883e-d44e4ab4ef01,Testing,500000,MWK,082a0674-2bf2-4cb5-a8bd-2bbefe5b2d02,false,false,082a0674-2bf2-4cb5-a8bd-2bbefe5b2d02,082a0674-2bf2-4cb5-a8bd-2bbefe5b2d02,2022-02-03 14:00:00 +02:00,2022-02-03 14:00:00 +02:00
124d40db-aa04-408f-a062-0b168d68d8c6,Testing,500000,ZMW,082a0674-2bf2-4cb5-a8bd-2bbefe5b2d02,false,false,082a0674-2bf2-4cb5-a8bd-2bbefe5b2d02,082a0674-2bf2-4cb5-a8bd-2bbefe5b2d02,2022-02-03 14:00:00 +02:00,2022-02-03 14:00:00 +02:00
a5bb83de-2e90-4d1b-a11a-e12635eb744c,Testing,500000,MWK,ae77d416-23a3-423d-b008-8cf9f095f66f,false,false,ae77d416-23a3-423d-b008-8cf9f095f66f,ae77d416-23a3-423d-b008-8cf9f095f66f,2022-02-03 14:00:00 +02:00,2022-02-03 14:00:00 +02:00
f59e5f4f-4946-4360-af40-172d76bf562b,Testing,500000,ZMW,ae77d416-23a3-423d-b008-8cf9f095f66f,false,false,ae77d416-23a3-423d-b008-8cf9f095f66f,ae77d416-23a3-423d-b008-8cf9f095f66f,2022-02-03 14:00:00 +02:00,2022-02-03 14:00:00 +02:00
12cc39dd-48b8-4bd2-83ef-a7491f842eb4,Testing,500000,MWK,ee06d0b6-aa88-4392-86e4-7436387f8144,false,false,ee06d0b6-aa88-4392-86e4-7436387f8144,ee06d0b6-aa88-4392-86e4-7436387f8144,2022-02-03 14:00:00 +02:00,2022-02-03 14:00:00 +02:00
59c8e17a-335f-40d8-9972-71b89d3ec911,Testing,500000,ZMW,ee06d0b6-aa88-4392-86e4-7436387f8144,false,false,ee06d0b6-aa88-4392-86e4-7436387f8144,ee06d0b6-aa88-4392-86e4-7436387f8144,2022-02-03 14:00:00 +02:00,2022-02-03 14:00:00 +02:00
