f6304dd4-630c-4bd7-96f6-d258e2f80821,06af4aa2-7d2c-4560-989e-a86aa3dee028
5235f9fa-6a9e-4a2e-ac14-3b5d1e28bb3a,fdacd2ac-7ae3-4f97-9f39-8c58cefe51f8
e8e878fc-4b4d-43f0-97f2-d7bafbb15ba6,4f409864-fa6f-406e-906c-96191d111331
5484ab35-5f56-45ca-aa54-99d313f2dd28,968a612f-de31-4262-a72f-c15160fba242
ab0d3957-f9f8-4228-bde7-8aa383648c7f,8c10afbc-f9ef-4cac-8adf-fb286ee7ea90
e07aae9c-edd7-4720-a91e-c87bb2a286ba,657c5a6a-0b15-4526-8ce9-98bd37a4afd8
01be99e3-1ea7-40e7-83a7-a2b8d0a0d18e,7099b315-6088-4127-8e24-564e2a903dd4
06484293-3f3a-418e-8a96-3e0b74b75239,7e7aba25-de08-478c-9e5b-f676a084d1e7
3a6eebd4-9779-4e53-a4e6-ae30889a9617,6499f1fc-9419-4a13-b91d-008f4595da35
f577d72b-08b2-4a7d-ad23-1a7af87dde91,3cf3ef12-4699-425b-8032-409323994963
486611a7-1b9b-4b7d-a931-89a12c696c3c,4ef0d559-32f5-4351-9a05-826144479500
395f931c-3a4d-4fdf-b4b7-e79e8953db33,c9ba4970-7506-4187-9c7d-d32db57b6c77
295c5054-3df8-4c54-a867-944b714d82d9,7d1d1e55-96cd-4d54-a308-2c858ae34793
b9d8951e-e1f8-46ab-84a4-e10dd0e96098,86c9e682-44b5-463c-88bc-a80a9dde95f7
dbeb2668-a342-4674-acfb-a7801086c218,19ecfd11-edc0-4cc3-9d8d-8511f500306f
3bb0c38e-0386-4d82-a8b6-631be0095c00,e4b357d9-9bcd-4c4c-b612-eeebdbd4c29e
9bd72545-edde-4fbe-89de-ad7190672383,ccb5d724-6720-4bfc-b4a4-39bc219b83cb
1234bf3e-dc24-4164-8879-183dd984cdd7,e704a447-c4c7-4e16-86e2-79460893c277
5de85a1b-777e-4d20-8613-058d736c7464,76509ab1-e091-4125-aa51-0bb79161c67f
464375f5-e0a8-445f-bf74-a9a9c25ac2c2,e31e6c77-e51e-48ff-886c-93e6c54dc32c
2643fea3-8b8e-4889-a1c6-080c1ba3b684,dce202d7-937b-43ea-b010-5fa1ef69a80d
c6d14ec8-df82-4734-a855-61204815ee0f,f253e256-225c-4c2c-b018-0555384cd2c4
13c68639-47e4-4a12-a89c-9de91ef73d3f,4b3a5fb9-12c8-440e-8af0-2a5ec874d6c9
e474c4db-c7de-4c84-9867-2d42f6da6d47,3b61abf8-7dcc-487d-9472-66116f1bec53
d113cd7f-172f-4369-bc77-9cd05be909c6,e490a5d0-5e71-4f4e-93ff-e22e0a471bcb
48da289d-169f-42ef-ac0c-d6e1f3d8b7a2,e4afc07d-38a5-4f63-829e-a5e22deec6b6
0a60ce1c-113f-4021-aa6b-4e507c8f49c6,830c8f17-6fea-45a6-898e-758712515d56
ff714a1c-2bdf-47f1-9a57-580ad556e986,24b14931-3e3e-4ac1-a520-44394945f018
c1a82e1f-adb8-4746-9fea-e044fa750d0a,b79c2163-6069-4a60-894d-e8a29bb18ef9
643535c9-1904-42c2-9218-a59aff741785,1c0b3d33-4502-4499-a6db-51406d0b4fa7
ce503158-a0ac-4470-bf78-9f1cce0ad31a,c4356f14-082e-4bed-83c9-44bfcf407485
cb669103-73d8-4597-8955-88b306ee3318,840885e1-d36f-4c37-baa4-74854b4dc477
172690dc-80b9-489f-9e78-f0dce7a920bc,33029391-e4a1-495c-9c25-b3a56f515a5e
ed380cb9-1660-4034-bbaa-4ac1d4ec3efe,92e1249c-4362-4599-b2a5-6ca363c750cc
f55c3601-a03e-4430-9981-3b11a8f3b08b,8c357522-8870-4788-8387-01ccd463fe4f
7a45830f-26ea-46e3-b7e5-a1f808049098,ce3a890e-5948-4a72-88b2-af8835853dcf
057e7eb6-cca9-47e3-abd5-a2d0c7571f82,00d34777-4621-4e66-bb1b-c9d457b56244
e262a0f7-3823-4a9c-a9e7-fac5983e03a2,7e8f4e6b-a99f-4fba-ac4c-36f391f5550f
13d6831f-f66a-4a17-918e-9fc7e22044ca,3509653b-5541-466f-9269-ca4cbf9e7a4c
feb7cdc9-8b58-4fa2-ac1d-5269feed43f9,27d026aa-5d83-43a3-b82a-78a70544ac55
624608c7-5d75-40a7-a92c-1bc8afee56dc,494d7b0f-b326-4347-9e00-e641aef8cda4
00ed36ec-f3d5-454f-85c6-795d71c31ea3,b2e8876d-ce2e-412b-b4f8-bca2105993a4
2468f679-c99f-4bfc-ae35-369bcb5f0f91,e30d3d4c-1b6c-4974-b323-24a5aedd49f8
5aef15cf-bc88-4247-aea4-70587707935f,f8fbe312-1433-4436-af58-895ac02826e0
885a7628-b1f8-4d45-872a-b186865299c2,82e24137-3f17-4d65-905b-1e6613b0ec17
72c5f584-c4ac-43d1-bcd2-d514d21bd4c6,ba35fa78-7325-4df3-900a-1593f9e3a710
2f0f09a9-632c-40ed-9121-28e4753ecc3f,305002f4-7d65-45da-9564-19d42c9cf54c
88a6f14f-6147-4505-9743-837d6d4d30f1,3d7034bd-b20e-4561-89af-b9a8e70cec85
ba6fd5e2-c331-4860-96cc-2e887db862f4,cbe64184-420d-4277-a70d-3c8471b9b253
6a99c58b-23f6-4fa8-850d-e399b1d21fed,2e9fe63d-4e44-4fe4-882e-898a1e437521
ac6f1b00-d8f9-4b97-b358-a1aba2527c6d,b7b13ab0-0751-483a-8f91-8e8a505fc03e
ea55d362-990b-460c-bced-340a125fbf5f,1f4b2696-dba8-4e23-9a32-56d83d04b342
b996cde6-4db4-403d-8dfc-dffd480409b8,64eab588-3f76-4e1f-b566-475276f151d1
5685ac9f-20a5-4773-8955-4e8815db2a7c,f21dc55e-cbf8-4029-be13-2908af3744ba
2527b232-e7b9-475c-897d-95995a81d60f,f84c606f-676b-4cb4-ac52-e229cc7a03d2
374d75fe-d1c9-484c-a1f9-371737b7c83e,35bba76e-cfcb-4626-8faf-04bbda1ba43f
f37bd8a4-7574-42e5-8321-4a5c6ebb6984,6ed20f39-a1f7-446e-b1f3-bbd1d87d97bb
89ac5e21-a555-4179-ac52-7dd57ac46ac4,99dc9721-7672-46a1-b995-45763afcecf9
e8047273-2a8c-4a67-ba64-82cb82b914b8,dcfd1ef5-651b-438f-8464-9b5b62237d92
016b1fe5-0a82-40a1-82c9-a582b9b5631c,7c36af9f-6e78-4d63-a092-ec81b7db6b69
1942a49d-7671-490b-98b2-8c436e898f52,884f3ac1-b736-4fc8-ad4b-55b7af167df1
b98cbaa3-a5db-4a8a-96ec-84200c89a3b6,bc8d6d64-0aab-4153-8b16-dbdb9593da8c
4b5a2c1b-b649-476b-b999-79a3a79c424b,a8da469c-2b62-474a-b086-3a9158ac4fff
5346ef1d-6780-4176-8364-9f0db5e72f19,4975c771-3d50-4670-b0a0-521592b19477
c7eb8f39-be39-4b19-9dde-ee6a9f57434a,deff55f9-a665-42be-b9cc-6f168d5a4864
fde970d4-67f7-4f4b-bd1a-47ed7bf2516f,ffb1d6cc-53cb-4257-a0a5-ac98627298c1
4e608a7a-ab7d-48a5-adea-6b32b1ae3009,eb54a18b-ab27-4652-9e72-ba05e091b925
5c574b98-fa4b-453a-aa28-6486c249b637,ef276ff6-1ab1-4d2f-be7d-ae50d6f57dd1
4811f0c9-e143-490c-a584-d1610a3dc150,90f6f14e-d64e-47dd-8dc0-1559fe39c154
0ab6e4c4-e337-45e2-a28c-b9902179adf3,7ca8009e-5fc2-484d-b5ab-7e3f21c93cf1
a3ec9865-0b8e-49af-a73b-d08eec50632d,75286c30-8e84-499a-a500-3256f4ab5ce2
a42f682d-bf34-41e7-ad3b-7eb1ef5fc828,540cd440-4911-49e9-95b2-dc6e2862290d
e235f43e-7445-4c44-ba91-245d866bb133,f9d3fb59-6e3a-4777-8a2a-a78519bd2a2c
9ce9f828-f987-4817-85d1-db5ed3ea63dd,e2529116-0ff9-4952-bf9c-aec24f1c2f66
43f6c7e9-9617-44c4-a96b-cd7c5bf5a8bc,e4fae543-62cb-4325-8303-337942d564b5
dc3afc95-8802-4f9b-ae62-81142d22c6f2,bd30028f-c476-4b09-b2bf-ec848a42ee1e
f7b15497-322b-4d07-b6b5-fbd701d535e1,9f9a701d-8deb-4af4-b91f-1cd057f360a8
141076ef-87f2-4fa9-9418-b8d60c9c9003,cd6eeda6-302d-40a7-b8cb-b8550e74c3ea
536b4d3e-7997-444b-a9db-94ea140e1212,a7921e35-d05e-4c2d-a124-ca9d84a654fe
2dc884c7-5d58-4387-9568-b696e1c99ab9,2a1600ae-2d41-4994-9c0f-0b1379b70cdb
8cf80be4-640e-4729-8fce-7557810b6347,4ea25b24-7109-4fa4-8eb8-311b683a2718
971a4fc9-4552-4cde-9d82-bc9f66cb1530,2345a38a-0dfb-4fa8-ac78-b36cc009e029
01abc3a5-e354-4ba8-9364-dd3a4eb27ac8,37999315-a997-4d52-9017-13ae918d8636
b63c420a-9103-4b48-b261-9248e26688e1,7e083159-0780-4b3f-99c6-25e93a9986c2
17939c05-e9f4-4e13-a8cd-acaa0ff3ac88,520bc507-1862-48b1-a016-e79241775140
42ba9b4f-04f5-4015-b294-04fa2820a55e,837f47f4-c77a-48c0-a018-e218258a0ee9
db05ebe0-0c0d-4d3d-959b-95298454f788,aefefd56-8827-4630-9b5e-83bafae41be1
e5ebe4c5-b564-40cd-9438-8bc6bd9e9212,304a48be-2837-4ab1-ab56-567d173412f1
170db33b-b544-4da6-b77d-ea92609369a3,b377ee62-2681-4d37-b2f6-cb8421294a74
87e8e250-c824-486a-969c-e45926a078d7,6cde4665-e1b3-4f5e-8de8-a5daef24a75d
578293fd-43ad-4d3e-8b48-db70eaa3ffae,7ea29458-4304-4972-97e3-36d021b09947
cf3d3fab-a804-48c1-8915-7ed790fbb6d9,11612093-c1ba-46a8-9481-75ab57a477e0
bc803f9d-d60a-4840-bbb3-e92c6e6f990a,3ab9d178-9f64-4763-9483-11a0da9870de
56b2b373-41a9-4b8a-bc04-d9c10c5dd808,146cea0a-e5de-4d95-86d2-1bd24d4450f6
89d7b373-8282-4003-a93f-ec55fb19e02b,d9a314a0-1c31-4e1d-a048-748254e75ed8
fef3a4fb-973f-41a6-a848-bcb20edb29c3,40ca8bfa-e67e-4335-8877-292bde2d3c8d
adb2c827-b4ce-4c96-9ec0-bf1eaf06b93f,96d3a6f2-d78f-4f59-bed3-01a233d6c9cd
ccb97e08-2b6c-42d6-b2c7-8e24d97b9d52,ad886a33-086c-490f-be75-f20abc9753d9
3d85a725-72f3-4377-ad5a-4c39e71d8d04,2bfc5527-e122-46b8-ad33-bf3af506db65
5eb69beb-057e-47e3-9a39-29dd5006e67b,e9e9a74b-7ecc-47ad-88ea-981f985e6d67
2b3993e4-42a6-43d9-8946-b0b46cd3d5d2,8b21646b-b28c-4ca7-9e63-49e3faa53c1c
37aeeb3a-d172-4d8d-a4d6-220971a052bf,dc170fb6-e017-4615-af8a-b0116d6fbbe1
13198e33-1cd4-47ae-b08f-927a0d4fd3a7,3aef1511-dda6-42ca-8dbd-7ab8bfc67248
31ef3e93-fd16-4adc-9c31-37ad2626778e,f0ea9af6-f780-4b53-be3b-1edb3a40e94e
90efe5d0-8459-45d1-abd2-bb0d6f82a01f,54cbf271-e2c5-4787-ac1c-ff3850292bc7
1ebcd16a-fab2-42b1-aa32-8bf7cc247479,fb32fb22-0c6e-4ddb-b503-b42344156f6a
4e8437f6-5f41-4b6a-959c-d31da321e22d,dae7a174-ca2c-4c80-9ea7-2c4922c48242
afad6d97-6b39-4d80-9b07-18568520aa80,b3216038-425b-4da8-9775-37ddeb599642
125728c4-04e4-4235-9967-6e305e7b92fd,76323ae8-3a2f-4446-a962-54cd166aceab
a3e3177f-d3a2-4e46-87b6-974dfd86cddd,7ed73c57-ecd4-4b18-8bb4-66deada0a144
8a1c6b35-e281-41af-9a4c-8d585cbcf72c,56c3aff0-f59e-4df4-9286-d4a046b65428
b7b749d2-528c-412b-9c51-aca68a9610e3,9e7c54b5-fea7-4e7a-9682-9db2bc258e12
53abf166-1db8-4f84-ac4b-c4fa037f8849,da4d347e-ad49-4e84-8092-3a21550facc2
05235c9c-549f-4ca3-b53f-3cbe411a0db6,1a47a086-26c3-4764-9b4f-700f6031b14e
fb62b275-0a91-489e-aaab-779e4da36ff6,2d827877-91f3-48c4-a7ff-84481f3873e7
b4b4e136-3393-4c66-bf8d-30a9bc1eb16b,13dd2aa3-eb5f-4d97-bdcd-a4bf8f7a3c09
4c8cc714-9f34-4e0d-8e75-a787eb33a34e,20b05a55-273e-4015-8c07-97c42f9460da
4a7cc63a-708e-41a2-9968-fe45188b5d76,6d877b76-2a26-4c99-a11e-21b51d79e06a
bce3451e-116f-4c88-a492-2871e1b2430d,41b557cb-01db-42f2-9c63-409f02a6c8f7
df52cba1-5e90-4185-8c21-0b403f065a57,c7b5a86a-1d70-44d5-8834-6c05b7e99e0f
ee459116-4770-42c7-9465-0c94b5a56bd7,6d33b27f-ea72-4f97-958d-691a172b27e1
26539ab0-ef22-4c9d-aa9a-71b48aba4158,c53d01a0-ff93-43d4-8adc-222e7a45db3e
76276110-ad03-45ed-8c71-4a2969d4654f,5dbbd524-91b0-4096-bce7-cf885ccdcfce
b609ab8e-8b17-4e91-acff-786bd33c7153,e78c4e3f-8e48-4333-9b04-1b302367d43e
6e3e11f5-b418-4ad4-925a-e76832b90ab2,d1cc0126-5c89-4b3f-acba-46e796556a02
b7096918-5557-44ec-92e6-741a752bddf7,567333e7-4c4e-433a-a97c-e35fb0c758d1
ab306907-4f26-4429-9f16-a96726025895,00371a37-93b8-491e-929f-5be52a2c54e5
400e09e7-a9a6-45a5-bd84-6d2c3a729d29,84c170d4-a250-4542-9eba-5202be5788ee
fcba424a-02bd-42b7-8744-093a6b423f1a,9b688e25-a079-4b80-8105-4603d45f6ccf
2e4de6e6-561c-41ed-b19f-37eea2092a72,487406e8-a50a-4ee2-b6e7-247b013783b2
ce16dbd9-98f5-44c6-a0e0-1f2326374656,38cc0de5-6085-4f8a-af3c-ed9cd91bf3c2
47794e1c-984c-442d-b853-bfc225922047,1eeab90a-c30a-49c7-b0b8-4195b65ad161
132b94ce-ae5d-4d13-8bd3-e3ffa4a2e6bd,00a6f563-f5f9-4069-be3d-0e9469bca59b
86f3608b-9fee-47a2-95ae-ead74afe17ce,dbd44e6e-e30e-46ce-aa4b-bb7370482e23
5d269434-3589-41a6-8df6-1519d562b4ae,a4a7792e-7da0-4def-8920-01f392d0ab52
069d8877-376d-41e9-ae6a-5a93b30ba93d,7e994768-5cee-4b9b-8e35-6e68985443c7
27094fcb-d3f3-4f0a-aa38-779b8322864f,792beb93-9b3e-4406-84a9-82cf7130dd60
ed0aa443-da06-4d9e-a7b1-d22446d92c0b,37d2970b-d17d-4213-a496-bde4c4e92951
3b52369b-fbba-4467-b537-8c2d1bc7bb68,45b6393e-3aae-46b2-9c5c-2c016e00e232
05061675-6855-4a75-8150-7e98fd647ac1,5dfcccff-7794-49f8-a32c-447bd2108aa4
fa78c22a-e4be-48f3-8eca-5852542260f1,a62dfaf9-27dc-46e3-bc7a-c43767e5707f
79d75101-b4bf-42ec-89ed-17a84dfa2e2c,24947ec1-761b-4559-8643-55d969b04753
f7e760cd-fd5f-4c59-9a2c-7f0a11bd4e2e,4af2d1d7-3201-42d4-a8dd-6591d993b40e
202e24fe-acc6-4bbd-b5a5-9a04ac2ef137,efc9035a-dfbe-451b-8356-e230e8c2144b
deed365b-2e96-4d0b-a85a-e155cbcc4eb9,b6a8370c-01e7-41fd-9b91-052a0c3c5562
54c918fe-1963-4144-91ae-836ed28ebb2a,f617dcea-a447-422a-a84c-48e5fd5b4f87
936e48ff-b0c9-44fb-bdd7-9ec2a1dbd686,d38b983f-88a0-4d95-8d5b-425dd92deac8
11d5fa0d-1931-45db-bc72-fbf760cf7fbd,d67a13cd-5869-450e-8644-b595757c1c32
7b3c418e-2476-4aa4-9351-139fe3a20283,6a14d1e1-3e35-4c17-bb79-e94b75ba5e4f
5290a629-0009-496c-a1eb-660f249486c1,d7941b62-f4ff-4a4e-96c1-b691209cadf7
a0a81c7a-5503-42ee-bec6-6f89c89013bf,2a3401b6-df8a-4003-a619-16e27b016954
51d671ba-86b5-42ba-9565-70fe5a337326,584a55a2-6577-4461-97e4-67958ccbf18e
bda61f1c-2ffa-4dbf-9f1c-2c1a70b88724,4ad82ff3-8f9c-47c0-bb47-52f8d4aaecfe
7b52b573-ac05-415b-bd86-711ac1bf88ef,38e17a37-4720-4e1e-a611-ca338c1e71eb
7ae0a1fc-963b-4b71-ab0a-ed275ea8c9cf,578d864d-7af8-4f6f-bd80-7f86c5a7d3a3
1b10bcae-3f44-450d-93d7-bbffbef87b3c,038aca4c-6310-4fd1-8801-d46437c019b7
9e26736c-4a4c-4357-aa00-c3828666f470,cea81cf3-721a-4dc2-bbb1-6b4a369b19a6
daac0f3e-e928-45ca-a895-23d08edb002a,8972e48f-ccc8-4dda-be09-b167de2f3683
9e292b80-7fa4-442a-bb72-60e7c2ab2ec0,471adfaa-a62d-45bb-a126-a3e41952248b
e40eca7d-0f34-4b09-9c38-e85817b1111b,8b8c5a37-ddc4-4603-a7dd-228c76d9e3c2
b156b555-46fe-49bc-89a2-5f4bf844e146,c372efd3-61d8-4d02-9455-3080de1d4b2b
0419681c-edde-4be6-a68b-8eef6ad5728e,8dc61031-9d05-461e-b53a-e25854f201b3
3a5d376e-7e34-4d91-9cb4-19bac844bb08,f97e412f-80cc-4387-9544-c0ae9ba1d1d3
139cf14e-d843-4fe1-b540-d7e3426530d8,301aa836-336b-41cb-b721-f2a496b87f9f
497d9f59-9d30-4610-a212-1731e21f19c1,cfb85949-4903-40ec-8ec4-7932302f15be
7e13ca86-0835-44b9-9a41-92bc80ca668b,f6930547-7eb0-4db5-adb8-042b71c52e0e
1f3d2dc1-4df2-4925-bf0d-5d10ef60bb43,9617bd9b-eda3-477f-9c77-f4023c399ff3
a99b0a60-4594-4e83-a1bd-23368bc94c21,49134e32-abd2-443c-99a3-7eaa4939ad38
9923f3a6-3a77-40a9-8160-38ed19009983,7e7c6194-6781-4a78-9dde-a986ee61c9bd
47719f96-c177-4bea-8d21-14ca978f729d,477f913d-c731-41e8-9c55-9a0a79241b02
f6911064-f3e0-4dfa-b74b-49432eaef726,63125951-75f8-479c-bf2e-d1da61bede5c
30d8b999-2333-4665-b90d-5b264e2933de,cc0056a4-c92b-4b08-a0f2-0cf08450a4df
2744383f-d045-4f88-96d4-8cbd615d30ee,db7e132c-21f9-4ffb-ac2c-af407f5c4505
0445efd9-fdb0-4f66-9000-5860d5237753,6c78c153-12ef-4055-8f88-be1df72ed2b3
5737e283-c41a-45a1-8c0f-e798a2f0f789,8676dbd6-cdb1-40ab-9ec3-6d94526a6b54
a8eb464e-9cf9-492f-90eb-51beb96eeed0,8ada109e-5ba1-4fa9-a228-db71b77fca04
a2a595b8-a07f-4b62-8311-df72dce7392f,ba5c95a6-f350-414a-8667-b3347015a1cc
12e1c406-90bd-4226-b18f-ad700c74490a,1c75b508-8a48-476f-85fc-1596fa0abb6d
1bbeee8b-b654-4663-8046-9f6b90d9bae7,e745732d-5b9a-4ab5-9b23-28e96f99e194
35685b35-1413-46e8-98b3-59ee2236e567,034f04e2-edc9-445a-8e46-dd7e18439cbe
dd66d2b3-8f5a-44ec-8ba2-1c65a6e897f0,c00f7f8a-804e-4756-8282-e827b7bbf0b0
088c7e2d-bfb0-45da-83a1-1ad12bc846a0,6d4b5963-2c51-48af-bf5d-0d7126a39e40
d5e083db-248a-4ca1-a037-d1689c69358e,c16c3de7-0c51-4cb8-bd4b-d3c7038e2f7a
09bc8c10-6a87-485b-ab3d-9994985c4f9b,56e05da5-a4f6-4874-88d7-b3a60fceaa05
94902062-8d8a-4350-9a19-728bd22f9480,a1b37160-0d3e-4e15-b7a1-ea89436d4d25
d830714a-438c-44e1-bf16-85ea16bad1f0,ed9e923b-5d7c-4761-8ca4-f2688ba0bd62
0b0de52b-a4cf-4c41-b344-0a87a3f3263d,1354c640-0d1d-4cca-a289-0933c233e7d1
dd197167-4663-4ea5-bee1-7e07de3c9424,5175a0db-f8a7-4a84-8e26-340d9355f1ea
140e3171-420b-4905-93b5-d0ab2a354d9a,38a473da-2cff-413d-8267-e0a4d7fdb4de
33c351d3-88d9-4585-805d-91f130a5f73c,1ab6d1fd-4689-4735-b320-a02e315fde17
eaa4c0d1-b893-4fe1-b059-e8770eed440f,d22b1ef8-3b49-4277-b21d-d051e707c59d
a4b8440a-9d3c-4c20-a1a9-426dbb11b767,dc7338a1-da73-4e6e-bd2c-dac4db722cca
585e62b5-2aec-48e7-ba2e-bd1e131facff,e0dcda0a-f440-4c6c-9a2b-6d1f00d2b6f3
798299fb-81cf-43e0-9c5e-e38966b45dbd,8a19b825-dcc1-4159-ba13-a81e09cb4c9f
1a568fe7-764d-4c1d-887d-edebae5d4abf,919c30a0-0b08-4db6-95e8-e264964f6cc7
c4bffde7-b6df-4450-aa10-105408c62c04,4cc5a44f-cfc5-4457-a1d5-3cbeffaf107c
9ed5888e-4f98-4fd2-b4f6-610f4eae1496,4a3d7401-e788-4050-a093-befab7c01ff6
b727fdb2-1571-4182-b24b-af285079f2b8,7abb6b22-954a-4eb0-b973-3238edc27fb7
74d8a05e-9e1c-4aae-af22-2e700ca2d357,72ee3018-f4d7-42d4-bbde-19e6383e8daf
dffb6b09-d532-42d4-9043-f558eaf3bdb2,9218e158-6766-4ce4-acd7-530f40ff2e4a
7211debb-b35c-416c-bbc0-fb2ed9cc8bf3,c66cdbae-a0a8-4639-8c94-d4b946519ad1
ee67b01a-3644-4bfd-9acd-a106ed129f79,a809cb86-cf46-4493-8033-c777ddb59ea4
3df85b3a-c9f4-45dd-b857-ab6641537452,566ddef3-1ea8-4489-8059-aa858fda7ee9
9414a15c-ab5c-48d3-b956-906f43824da7,8a331e43-14af-4adc-9dd4-a80de7ba361a
999dfff3-d814-4a44-9bb9-e96b26c56620,ce666b20-d1aa-4794-b811-16169b025c8c
2323c264-c7e4-48dc-8b58-b23eb7da73ee,022b24a7-7bb5-47de-891c-31003adce7a7
39ceb056-7f8d-4f57-a2e9-4eeb653e671c,911965ef-aef8-4c74-87a8-7a3545ce3c95
e2e157f0-48dc-4121-aed5-e12b7b2b6a8a,680375e9-2cd0-4cb6-b609-b63b2e91f786
107e700e-461f-4195-9797-50eb471bc44c,e5a1ee25-8476-4eda-aa4f-e0d0ae5e6f24
d07090cb-f4a7-4891-bcff-0fde0e33f188,47e2b5ee-a59f-485c-946c-4f75d5154250
60bf7ab0-8e79-4cf9-8a22-1091964badd2,7588767f-7731-429e-9603-87fac4378721
11f05777-ab22-4dc6-8caf-b8f4c5aaff85,eebe3549-a1d3-4a02-8c8f-aac1e6a81546
f02c53eb-1ad3-4813-93b3-0570e177466f,bde3b4ac-5ba9-468a-86d8-e1a77c098ea1
4fc7603c-0b2b-418a-92b3-e4391f3f33ce,b0e148a1-d5f1-49da-a955-d5512d1f4a6d
17bdec37-db08-489c-b34b-fd9bc0463bea,1d60e89b-18db-4a0e-9523-cce107dcb1b3
1b727668-edb4-4abf-beab-209129cedb31,2bced880-bd10-4e6f-a406-0244edba0bf0
0a359a68-9a0e-4a5d-8b63-eda964314d06,d2d464f1-a7b8-4fa5-a053-3ea0122fd675
07c1bcb7-3bf6-4518-bf86-2285bd4c6c5d,1f89ca9e-582f-4edf-be5a-f48a86cc34d2
2af898a3-5e24-4d2c-ab5e-b54f975f3ba8,b565222a-1cc6-4147-861a-ffd285f9fba1
e9e1820f-09f6-468f-8d7b-98ae30cf013f,49d73cd9-1db6-469d-bf91-f2385210b587
8734de93-75f6-4146-9ca6-42b79b068187,ee325df4-19f9-41ad-90a0-f11391bffc2a
1b5496e0-d21f-4a68-ad68-bbbfb20fe483,eb9cb6ee-c20c-4167-904c-63fadd072197
cbe0fbff-0fa1-46b0-9d77-bd87834f2ed4,8568d403-4bf6-4a96-bb70-4b3c649d5a77
061d1bf7-5a7a-4be0-aa2f-a8de5a46d8cc,8ecbac31-8624-4576-99af-97342c8da681
b510f8b1-8be2-4b7e-b377-8ae39b5825f6,e88c2484-5611-470e-ad40-78268728d7ae
cfaaa375-1995-45b2-8a7b-d05cad35a483,370237a7-818b-4ad4-9f26-08e1cbbfb7ef
83270e71-6fbe-464c-936f-ed1b292a7aa2,03b64620-e942-4e99-907c-7d8941803b65
06654b15-62aa-40b1-9252-8076630c8d99,babd8388-bae9-4c5d-a89d-18734825eb67
f8510536-0570-4f42-afda-a45435f1f5c7,03db35f8-c887-41b5-b0a8-1b9e94e54d86
1d8d251e-e845-4a08-a03b-89064bf39153,584eaebc-7220-426f-8ac1-e66953dce4b1
6e216a58-9979-45f2-ae2c-8da82abc2044,b290013b-d2e1-4941-893b-c695725299e6
1873ec47-c0be-475c-829a-247d06b54508,e2852a8d-c36a-4102-a898-cdb1546ba1be
1581e126-8753-4f2a-ac6e-66f6adfdfd87,d611061e-be10-479c-a5e0-18bd17feab7a
566cc7f7-4e7c-4485-aea6-874f4a63e377,3d0b8597-a499-44eb-81c8-538e0bb0c2ee
287ce49e-10ef-4546-afdd-d180f5251f67,079d088f-6643-432a-9195-d0e258e7aba7
7b5773c3-8815-4e4d-b2ec-dfed3e9f693d,3b71de69-682b-4cb4-9281-682176d0722c
368788b6-48ce-48dc-881d-78c00592d4e5,de4f6cc2-a9b1-4bd0-8819-093071f02b2d
83dc6036-f0e9-4f8e-a294-b7563f5d4417,46d54a71-b77f-4944-a052-5b67e15de8f9
56e6952b-598e-4797-9976-fa6f783af1bf,ef339d2c-d2ca-4761-99bb-c7947e96de33
26010edd-e673-484a-a3af-14cf99df2a76,d69ad851-ba29-4b4b-9a78-52d590e15ea1
5230445d-c56a-412f-9f2c-f60d7f4d9bbf,57e049fa-87a9-48ce-9724-150448585617
c32dd810-76b4-42e8-a6e9-56eb7e1f28fe,36d23f78-d64f-4b66-b41f-243c81e572c2
7bc545af-bcfa-43fe-88cb-baae173b0bbd,f4a5a6e7-1a71-4418-935e-0b9b87697654
267865ed-ce38-43de-92c0-fe505a736414,720f5f23-2b98-4abd-bc60-2907e56f0c3b
04f4dd0c-c780-45f4-b016-c61b1528d3b5,dc1a4e6c-290e-4a08-a7b5-2a96fd327663
43399346-a5a9-4802-a766-00d98fb41f0b,2cbeb388-3dd1-4cdc-893a-737606f4c782
bf10a443-5f5a-4aab-92a2-f21f3c4069ac,56f85ffa-8895-4b62-8c1d-6896213a5db2
4780523b-2c7a-4f70-9ee2-38e993edb19f,78ae1c2a-ea3d-40a9-82ec-9c01606b95ba
82c43998-99c8-402b-bbeb-c196e492c61a,31f13683-d816-479f-83bc-b2dd024c832c
b1374daf-6a4d-4eb2-86b0-b866fb085cbc,1b326596-80d0-46c6-bd17-d181b3bd87eb
7fa4cd43-4d78-49b9-b847-cbe610b6a10b,0cc40a15-7777-4c2a-a98b-4e945e2a31df
5c4263db-8bca-448d-a5ca-6defc7c8af73,10841aeb-d008-40ac-8fc3-f77fbafe02a4
6f4ea5b9-92d8-4f48-8160-185fdd204f12,516fcd6a-25a9-432d-83b6-7a190d795b15
478d260b-f237-4bfa-8bea-f438244475b0,1862eb00-a32e-4fdf-a388-4eab4311fe70
f55f1be5-25cf-4e4f-9967-077ee6a1cfc7,fc223472-2e69-4c86-89fe-8793b7376ebe
32717bc7-a766-4700-860e-f369ac47552c,99be4282-6165-4146-92e2-e5303eaf8e33
e1e8c969-cc36-4098-b0d7-b8a77fdf4679,5aaac6dc-cae8-4765-9a94-0bcc057fb61d
64e55323-ecd4-439c-bbf3-8dfef0a4762a,f7232a62-b755-4024-b366-3df38f0a47e8
9fe87672-2a2d-4385-a03a-ce82113160f5,d3a20c7d-e9fe-4445-ae74-beedcb07cc5d
e6382c2c-c6ff-47b9-9021-5a4102d140ba,ce2dfc5c-8514-46bc-9e8d-79e73fb01ba3
a2a03129-45b2-4e75-a08e-b00e972fe31b,d0735a08-fedf-41a7-bfff-694a4ea31a89
37261d39-137e-44bc-beb7-ea481e9aec05,43c75a5b-ca83-485d-9fe4-6a0761ede7e1
29eb24c6-26ac-44b1-9a60-bccd065115e2,1e9a3235-2992-4060-838c-2808ea3c2c16
9aab125d-5a7a-494d-a363-bff5ab4f1ce0,67285276-a384-422b-b605-6b7b8ee74c12
492341cb-e5f8-4ede-a1a7-19977200cca8,d344f7ab-37f6-4a96-a08e-125aa243d276
26324c39-7f76-462c-ba54-6d955e80fa14,d80e7d84-6e84-4c65-a8a7-e460f166811f
82cc2aff-412a-4a7e-8b7d-1d9bdefa8fd8,e0506e90-e77d-4f6f-b489-5f723037ecaa
1246dbab-fbb1-498f-9d6e-549c7f0d675b,9a96344a-d39f-4ce8-969c-f8843a286970
d55632da-133a-4953-8b28-8033302da19d,f1330526-ad14-41e2-9b28-279e0539e5b1
0fecc6f9-4383-4fe1-8c1f-3ff94ce3c59d,0b21ca25-3fff-4de6-86ba-a55377fcf28e
95570499-7174-47d9-ab56-67c919570871,a13fa401-c9f8-41e2-a466-5f8351c76331
25c42d8b-9793-48ec-b908-364513a7ad0f,52d9cb08-6786-45b7-b537-efb322a31951
4c4663ae-6305-43ff-8cdb-47616988e16e,d6b64868-8a10-4f0b-8636-eae59bb56604
4e3a9276-c90d-4993-8af2-5583e6ea2453,f63eac59-d024-4871-b659-8f00bca53e49
f4a4a3ad-f861-48c3-8fe4-d479e1a2adfa,1637e447-6b0a-4438-b847-f281c66fd376
3982d4cd-486b-4be9-945e-9855ae64ee87,f02f7fef-9860-4a7e-9e1d-7b86a93bf6cb
9cf3f723-80c5-48b9-911b-47204355641b,d8f3321a-2ea0-4537-ab02-d3ad55d04e34
02a57a57-afc2-4128-a415-4667ccfa4ec1,3c1c00d0-c9c8-4229-99f9-c888e2bca22b
4a0adbc2-ee10-415c-82c8-26462688836a,83107380-eae2-4f78-a087-c7de613b4a7d
ad1aec71-5ef2-4242-b20c-b1ec426edaba,61a1ca07-9aba-41d9-9990-ca9934773532
3c7efdf9-6322-435c-8ff1-ebc46a549c47,6d918fb2-372a-49e1-ba09-ac783bb00656
46fa6384-7547-4d92-88f2-fa8cd56c30b9,32b10714-ec4d-4169-815d-2ffecc49b009
b9a48778-43b6-4b13-ac26-35814ebdde1a,7f55f5de-17d1-486c-9f20-a43a17203ba2
8e3a1746-da9e-4276-9a44-92183bf9c37e,f3460543-33dc-4c2f-b1f1-35b73f2a79c1
62f4093d-704f-497f-adf5-81c53d1529f5,e78e31f7-6ecb-4569-8e3a-398fc13ad21e
cb136e0c-d3d7-4aac-b36d-0d1c5b3e3a47,bbeeafef-d91f-4ac9-91f8-8064da7223a5
cee054a0-78bb-498a-96a7-4d3f950e24aa,05c1bfaf-67b7-49cc-b179-4e8986977693
0dce6b58-2514-491a-b61e-77bd0b360133,f773c0ef-31c8-4af5-8391-57c5e3a491e0
ec941b5a-e9e3-4310-8325-08981a2f643c,9a8d065f-e6ee-4a19-86e9-5dbacc11611f
302ff2d0-765e-4a95-9690-81c80c5d973e,bc80ffe6-c2e8-47cc-8578-0be25f1f74d5
980fbeb9-5699-420c-aaca-c91fca2499ac,73810d15-3244-4e3e-ab40-0728a1879c4d
5004628e-b99c-440f-b0d3-aa158fff28d7,afba1307-a7ea-4d40-8de1-6e3fa1c89707
92ae2668-4f12-4531-9ae8-e6ad8e0496ad,d0089fde-e4d2-436e-8867-bca09b5736a7
993abe84-949f-45e1-a5a5-8fc244f62d5a,55520f71-0d26-4b3f-91b4-02cd020adde9
cf4f560f-7dbc-409d-9dd2-94389d085211,daf5f5d9-6ced-49cf-8092-008a5695d05b
84a1d571-3351-410d-bda2-9ba77561d75a,bb6e88bd-e7ec-42a3-b27a-0b82fc13ba77
a354b9b9-9553-44c6-9554-19ecb30bd095,ea60820d-4aef-4ab8-9854-42c3136dd8e2
ab75df15-5868-4e06-898a-31ffe20ebd35,fb7a9cf3-2600-4884-b6cd-12d874c5aeec
f99f6f73-dbc2-49d0-ab29-dc276a6f5f7c,3527076d-ba3b-4375-9820-a73d0080b0ba
fd0e4597-05d9-4d51-bfed-bae2fe264362,8331f258-d02c-4a23-af13-f93bf4e5857f
e3467130-a1ef-4d34-b22e-ac8b7c74c487,0f7cef9e-6494-4904-adf7-4cf72c909b8b
18bd9712-d948-4ab6-a567-2119967bd3c1,227ec2a3-a524-42b1-91ea-c6811f2556af
4d9469e3-6e0e-4241-b84c-d06fc80c3283,fa87317b-4d91-4cee-9cb8-cab97a3e1fce
ae6c30dc-b12c-4f61-b55d-a5e01379217f,8260d372-ca36-47b1-82d8-1b63bb072a3f
439bd5c4-a8cd-4047-b301-c7955dae6ea1,6d166ba2-f155-4f10-8acd-4424c31c36d0
b63cffea-7bdb-4bc8-9014-925fdb982160,83287fea-5415-44aa-bd37-d90675f0fd13
748f7833-9d52-4fa1-a0d7-81f378aa6cf2,44c83081-9348-4ebd-9b4c-41d1ef8aef89
317aa4e4-3260-4361-b67d-07b4d3822433,5895af57-3a27-4988-938e-039dd6755bda
1b48d7a1-2258-4bcb-a0bb-6e844a21abd5,03c29281-32ed-4702-ae49-f9483575d35b
17b038c0-d656-4de3-8019-deecbdccccec,cc306e5a-f6ca-4158-8c13-0aaa621885e5
b7c87866-deda-44a8-9a71-90ed344257b6,b30bfafd-9f26-4064-a0ff-308a38048dbc
3ef623b2-04e8-414e-91ac-6d8e55760777,4b71a98d-536a-4fd7-822e-e8c67c1ca87b
fd7d5c36-bfe7-4153-bbcb-4a9f48a9e46a,16dcd594-6850-4bdd-aa3c-d90ccd3b7044
45657260-2ebe-472f-a82f-2ab76a67cc8f,f7a188c4-dff6-42f9-9d14-8f2ba19ac49b
1f06ec54-db79-4128-9d4d-6c043bafff5a,736f7b0b-d8be-4278-aad0-715e3a97c993
d5f68c9a-ec6d-4891-8229-d0cccb31697d,fc22c462-9dd5-4dec-9c04-d785e3420f2f
53df7bc8-9d52-43d6-bb56-5b933294fb31,969e2a45-16ae-40ff-ba3c-f7becb42b02d
e99eeef6-220d-4eff-a829-e2003b87a761,22a23bdf-2158-450f-946b-1bec44252b73
b7bf8bb1-9641-4fb5-8ca5-2738b14e5296,9034391b-3e8d-47bc-b1bc-f53298af78a3
09221c96-4ae1-49f8-9d64-d86b1ac0ff89,f68203f7-ec2a-4c71-b90d-fc7c9866e817
50e995a6-f86f-4504-843a-894a912d3e2e,9288069d-d95e-40ed-bd72-37a0314cf073
e06ea695-5af0-4d8a-870e-c34fa9411387,f8fee70a-dfc4-4629-ab94-6129a6d836e5
5d7b987d-9256-47d7-b2d2-3de627d91d77,1d2fb471-6f05-4640-9af4-d3b1f2d19692
0efd99a3-4aca-44e2-8e23-b17247946531,8c42a2b6-4eb6-4d77-8bff-2622e053716f
18055518-4112-4dab-ae58-104c06b075d6,79673927-3f89-4192-bf58-5710db0cf92d
56426433-4d38-44fa-81b1-2f6e50bf9e5d,f73f54d9-591c-4152-8b51-0671f52f1ed4
4a88b6ec-a69b-4401-83ff-5c03a2b17b4e,e9d86b08-a50d-459a-9350-484a3684f992
47afeee4-f2bd-4169-baa5-cc74050c6b5b,4d6bcc8d-4030-4120-a4e1-9e17f7303c28
e669557b-5072-4b08-b26c-46bb596062c5,bd380306-528a-46d5-8a73-eb18bc9da307
adda19fc-0a0c-4401-94f1-342ca58be749,ef2d1643-1c15-4c38-86e5-fb58257fd844
749760b7-73f3-4c63-99b5-addc9c808210,3c173a04-8b07-4178-bb81-a7514cb3cd9b
d67ed188-9509-4b7b-adbe-c54ea33f4e89,678a089b-4048-4187-b976-858f3d32f42a
c9969103-ede6-4ff2-a5ab-545939230df0,263905f6-780a-4157-88ff-b035cfcf7b44
097968a3-78c1-4464-b7bf-c0b88f84e4f0,c904cea9-182a-4db6-b46d-dbd54a6d155b
320632f9-fc51-45af-ab15-bfff1d62e99e,9bbc935b-6995-42a2-b34b-02db411d1a94
60667a76-7b9e-43c6-956d-7d3b35c32380,078eb769-d6e0-4192-8f12-fecb27a5c89e
42e3d52b-55b5-466d-b9e8-66d1a093b00b,7c5bac1d-f76d-41f9-8af8-8f0ecfd89d6b
f6f79417-41be-469b-a9c6-c59e0373bff0,79b76611-f095-4575-9b56-b832841e621e
e0309cd3-b4d4-4d83-afb4-cc5d0da1ce57,f77a282c-69ad-463d-b9e9-36c2195def65
746b06a5-0eac-44f0-bbcf-7cdb4ef7f753,e7cf0704-bf49-44d2-ab93-49b45f67bfdd
293b0dc4-dc87-4c9a-b5d3-3110a63b9faa,01281a1f-ab19-4a91-a37d-9ab99fe09248
c4e84f47-bf28-4fd8-a257-fa8d08ee4349,c295ecd0-429b-4e71-86ea-1331dffa6994
9b9e3ef2-0fed-420f-918a-355ec90b8fd2,d4b90658-0e3b-4e59-b89b-a6f213f14253
e7cbf1eb-ba21-4cb4-b11d-dd39888f0c59,2cf4b847-9866-4b7c-bda3-d210998bd852
8b8c6af5-f76e-4273-952d-ad446ddec924,5c283af2-bb07-4118-b10d-7434d0bce601
733b2db9-d12e-47b7-834f-dc13a3ee2907,4c092f5c-242e-4524-bba4-7a1d2f18dea9
0abba128-0dbf-47aa-92fc-48bb8978e849,e3f7b8b0-e4f8-481a-814f-b3e375918c9f
ad885b6e-e2c6-415e-bc7a-66f1e5a5e491,4ea87dc6-ac27-4164-b4a1-f7f6462f5d1b
432af9e3-4a91-471a-8988-3ed5e9a44339,32c5605b-eb10-48f9-8b25-a3dfd62ad6df
4866b2e1-6076-43b2-85cb-b591493e2b1a,8c738a8d-8f9f-4907-8eb2-0db5074a082e
a4c7f455-6795-48dd-94bf-e314a9985f20,f5217a25-c3be-42f1-bd19-8622eeb04937
c8f5b097-34ef-44a4-8ba5-bf3e2ba37f79,5d6113f9-435d-4d0a-9ac3-0fc6cd24365c
6cdc419b-7b6c-4e0a-a0f4-c9350d947252,f0abd746-be62-4e47-b028-ea51852e1664
b7f50baa-d489-46e7-88cc-c908e0b69b84,56523880-4a5c-4c2d-868c-072fad3f3861
5f53412a-f670-4a1c-8cc9-6a31e62f619d,0eb47a59-b35f-4a13-bc8a-e4950ee3b4fc
66a1ca34-b447-4b2b-8393-0333dd9a4e4f,735a4a19-f8f4-4946-b92b-35e5465a6650
0c106c4c-760d-4445-acce-d8d18075abb1,ae27d10e-e566-4168-9683-ac3b8f602112
ef314958-dd17-48c6-ac68-8cdd8356b6a7,7083af58-362e-42c8-8773-accf9ae7be36
9ffbe6ec-b470-4b7b-9af1-d0e4c0b0405f,f0221a96-ad2a-4486-abe6-9ebbc90bf1b3
42eb02ea-dc5a-46f1-895e-f644ecf933a9,ef7b6136-f031-454a-b058-b9c1a7027edd
0b03f781-b2da-463a-863a-40037b0eca08,90288506-efee-4770-881f-a38f519a3ce4
4880c2bd-99da-46eb-bd15-8c9faa20cd54,4a8d3455-a4fc-4cb6-9eac-50a203f50a84
f70ea811-6171-4476-a7aa-cbfccaffa736,f4254b12-1cfa-4127-b2aa-4ddbbd4dae2d
b0d39c89-29ef-4a12-be6f-4250c9693a56,6619811f-8d19-45f8-ad68-5848979cbe28
a46268b2-beb3-41d4-94f1-14d2aa8c13a6,9e31417e-6a2b-42de-a8e2-8bcbd18ae2f3
e6fbcc73-7ee9-4dee-bd06-0ab3a083619a,9ff4c7a5-f6e6-4dcd-bb65-b63b8af34bf5
850676ea-cc29-4d85-bc0a-faa838259931,45925576-52b5-4537-a81b-31a50c6ea0c2
974bc607-bdac-4de5-b7ea-5911b24774db,c28f74fb-3a3f-4239-bb07-db3edda993e2
a5e53479-b3c4-403e-a07c-8cc640a74f0a,2fcb808a-7b3a-47f9-8e13-5419403bf506
66db5e9c-9f3f-4346-bf27-e7617d1d1f75,dd5e2982-d13f-4fcf-9d18-5e3d02f2d562
5093607f-0c7a-4b49-ab8b-692397e4b84b,dcfda399-2173-498a-83f6-6a53d5ee32e4
29f7addc-dfe4-4467-8e56-991feaf4b7fd,57a13b02-0ce6-47c6-a6c6-2be64f25f68e
43d1d993-b002-468d-9d94-c5e0d4ac1e83,4becc1c4-0ea5-47db-9a11-d98a1c42c44a
f68e7160-d43b-4814-a044-c5643753ec1b,cece6ba1-4fd4-4228-bfbf-0dfec64b75e9
5a641328-a5db-499f-a21d-8914e5916db8,0af0cbd9-f450-4f57-b7b4-8456c8732f4c
0c894a2c-dd5e-4e80-9aa8-e17b4b4337d4,567fec9e-4dd6-4ec6-98a4-23b1c0e22a13
3b904ae1-0716-4758-b8f1-e0d55923d931,1467cc3e-905a-4dc5-afa9-7e3635078f0c
fd28fb1a-4ac1-4a89-be01-f0c7ce5721fd,969008f6-8ebc-452d-9e9d-a094c6da669e
79200546-56b2-4842-9e9f-ae6925e7ab8e,5cd3f933-1255-45f5-b6a3-1c868b698d13
92d28fbf-927d-4c93-8541-b6e277407b05,9908c334-b78c-4367-a1d0-89d43f637d2e
a2ae8c6d-48fa-4d51-a72e-96ba8f2c479f,b9930d6c-6de4-45e3-9756-bcb0af17a02c
92c1395c-4f76-410d-950a-9e4d65131d4e,91e91131-9b47-4328-b566-d777b2575ed3
4dce1363-d665-488e-9af5-36ff99371028,b09d8748-2cdd-4e3e-9b63-e873d5282ea9
6ae62959-32a8-4b85-b259-70423f872d23,a082d1ff-8c30-4a6a-8d54-3b25efb2871b
51b910f1-cb9a-40e0-be89-8cb79ba06dbb,c3dbddb9-b77b-47f7-9a3c-441d32f556f2
f2b0145a-a3b9-46d8-be83-799cf4393a61,dce3139d-78ec-4409-8215-a545a620012a
62f9b4a7-f829-4303-ae35-b31ed1d29cf7,96a4a78c-9c89-48dc-a2d4-c870637d7862
a26b56b8-438a-44e1-a923-f12ca1c596ce,56c6b56e-1906-44a5-81a7-a74152c6a4fd
21f9fc28-9746-4b63-abb6-689f68816593,eda12a39-a98f-4432-a75d-9d2159ae55dd
21750ab7-0797-4808-833f-10d937f28e20,0b8ced32-692d-4643-9170-09898020a24a
92912a14-d04d-4bda-aa44-c0d494375487,09bae93f-96e4-43b6-8107-09ae101ba6e7
72d48ae7-d415-46d9-a0ea-6ed134703fc8,1e71cc4a-3fd5-4771-aefd-48cd60defc09
6f5b46d0-d243-454e-bc00-f2ddae6cc4db,a83fb84b-dfd7-4afc-96c0-f218f60bf0d7
c1cd675c-ede1-4095-aaa9-b04a4cf948b8,2438e817-ca8d-41f0-89b1-e13143e5104e
ebc63af2-f54b-470c-8cd5-8adf1b085009,202d2cbb-cb68-487d-be1f-542327c4aefc
9933a411-62d0-45f3-abad-7da5c26b03a7,186fdffe-a2f5-4c3b-a61f-ceeb4ce76acb
f9d8a79c-28ab-47b6-aa36-bfd2b787c959,cf2d8376-4af5-486d-b82d-43b9ef1f9c42
b6f2955a-7140-4749-ac52-5938a1f30ecc,ce1b7f2b-c3e0-4c76-abda-f524253fa17b
de07178b-20d3-488f-bea7-adc46079da05,d169b391-5365-4931-be52-39d517f8add1
650ee8c5-0411-4c8f-a101-e9674e5db3e8,596dc648-c71d-4ade-9956-8a4b3fb09f85
b1a7c376-a153-4856-aefa-0d8f7b7086b5,adde3cd9-a846-4009-a3f0-21a52fa74297
e58e44fe-1df3-4c71-bdec-b5433ac557bb,b1c814e2-27d8-4d9b-b961-0b6f9691538c
1c6e0027-25c1-4093-a2e5-33b03949f601,796ec7be-2180-4c43-8f1e-b6f652c857d6
92e10171-9c48-4e1d-a4b5-712585c43f8b,4d7274e4-48c5-4e45-b78c-d1aee276abb7
cc5bd13d-f5c5-4ad0-91af-dc7ea45aadf9,064baf60-d8fa-412a-891c-bb75cf90fd7d
1db43963-f8e7-4dc1-8820-d6e07ad6a55b,f4ad3473-e786-41f3-94a9-3960b424b5a6
56d37cfa-286f-4b1f-b4c2-d2a5daf4dcef,35072518-c654-4945-92fc-4e297904c479
9e67a890-3bcc-452d-b176-048553230c16,5beb1244-ff35-496e-98ec-0075846ae4a3
8e685b63-699e-44f2-a0bb-e775e52fa0a5,3ad2c31b-fa75-4802-81c7-21c398c1c3ef
77280a60-211d-44c4-be9d-9f0505752e2a,64e6e797-aa25-4e0b-a9c7-b29f7a80bd62
f2272045-7036-4900-bd79-d43b8e05daff,cd72da93-cf3b-4fca-bc3f-53c1e7e3eb39
ee9d0950-a759-4007-a413-6a5210324665,727cf2b4-7213-4e7d-b6c7-e891a52c7d2a
0b0bdcbc-e0ed-4057-a031-22c84cd2509d,aefd4bfb-ccf0-4f17-a628-16be2a9504bc
d9d6bed8-d7d5-48ff-8b40-a080d326abd4,a72721d4-9629-4324-84fa-81d3786fdb8b
bf72a732-ae78-43ca-8b1e-d2158d15067f,7eec9d09-6f5e-4558-9866-3ccc4d7337bc
17228200-5aee-4936-a85c-89faf595aad6,f91b2182-38f4-4fe1-8ab2-5c2fc9eb1583
5de0bf2a-4039-464f-833f-b42e2750d6e8,decc158f-0030-459f-94c3-c4d6cfe50101
ad6f3ebc-f532-41fc-b23a-78bf6bc79317,1952c685-f8bf-4f1c-b758-49427425180e
0710b90d-a964-48d5-9166-fadb9d06d9f1,66f58e3c-8592-4302-a3c0-7dfd5966a3ab
be85cc6a-d307-466f-a0ad-39397605550e,76754d4a-b3b4-444b-bc28-41008196197e
20a4b7ab-c48d-46db-8c4b-b6a9af7b0d93,40190490-6a11-4fef-acca-6fb747053115
b33ae0e2-9c47-4bdc-9448-a69f2525a80e,54fdaf15-51f1-4c6a-a897-99a959d095ff
c48c9486-31f6-4d14-a155-b356422539e8,30270d09-1e90-4d2b-ad18-cb66171020ed
b3a9257a-4a68-4e3b-83d5-54dec79cac25,6f22533c-8aa2-42ff-8a8a-2dbe7e06b26b
308f2100-b793-4ab5-864a-9888be01f3b6,634562ca-e914-445d-8533-94f6c7ea8959
63370416-1dd6-48f6-b65f-0f6351daa37c,10364114-b621-4735-85a2-06a0438448e7
f7cf73b5-2906-4e92-aec5-d3e7afe32de8,b5d4ef09-9999-43e6-adc7-4ffa25dffa68
05b88612-2ab7-4e83-a718-9a314ddc1147,665897a2-03db-4abd-a091-4165e09792f9
2bb906d4-f421-476d-b2ae-59097cecfb30,6ab4e97e-ba89-4daf-9b98-8313531e3742
0f1fbbe8-fda1-418c-a4a1-bbcfbd0d7b3c,c1f808fc-5524-462d-9793-00feeaf0038e
068bc799-ba82-46b1-893e-02b173409f66,2b07e19b-61f5-4065-8615-6a9d39529d24
a25695c7-d3b2-4558-a5b2-fd0989d57d74,c505a8f4-f2db-42a4-a740-ef501610b679
1d899102-2567-41e7-a9a0-0decd54f98f3,722e2229-568a-4614-a952-6fcb734d16d6
4e618c0d-30f4-4eaa-bd76-951ad95065f9,42f6ebda-76aa-4585-a1a6-8c404ea5d216
1b455a6e-634d-4535-9081-343853cba6a0,a858cf06-2afa-46df-bcda-00f24fafb936
b3007022-ad73-4e6a-ab43-9fe265427a3c,fb864014-236e-4c24-93a2-6bb2416c733c
9e3a4a7b-07fa-4f13-8056-7fbec87f5faa,473e8f75-bf66-4fb9-9107-93c979c0a157
21428329-7037-4a09-a5fe-e0d36138fcc9,4c5c77fc-7a76-4f44-8119-cde326af1dc5
56c9a695-9623-48f6-8f36-c11d19d8a2b9,bc768786-9560-426e-9620-faa4230c618a
e0bf9512-99a5-4cf9-ab39-e3d0e176b1c5,3a2ccdbc-309c-41ca-8c00-497a429399bd
1e54ed2e-4f0c-479b-8af3-35b11aa45dc0,fa540a2a-cb86-4213-ad00-b050078e6101
1770b1c1-fb56-4a8f-8a5e-330919450ddd,df2686e8-3daa-474a-b235-85fbc08b4daa
170b66ae-20d6-4392-982f-f4242f4f4c6b,a52b0b32-a0dc-4bbd-942d-2bc47a2ee719
787d1e16-984b-4c38-82e4-88d61c85580b,7e5147c2-84a1-4176-91b5-59960d2348c8
e76e48e6-072b-443b-ba3c-d5e2064cf1d1,37de4bfb-480e-4b7e-bde7-68a5375e9338
fc3ba55e-c9b2-422c-8510-69aaa267c58e,c64a5479-9803-4ebd-bc1d-40486f2db5b9
2848f5ad-976a-438b-93d8-1ca19e351982,e702d71f-9469-432f-9e8e-5eda85be2a64
c60bfd17-e480-4398-ad39-c0882267da98,f2ec458f-19c5-40f9-9609-566e187d9fa2
12fab7c1-cc7e-446c-a19a-c30d916b8678,b97cef32-a7f7-4217-877c-5195deb5dac3
c67227c9-1770-4716-bc6f-c3ead6467f31,67d20b49-8939-44b3-8e98-d5917e91d0ea
9248788c-0368-4e28-9e88-4c790eacbced,fc43394d-9a00-4013-8bc8-49d76e2e5737
9264957c-a9d5-41fb-825a-5ccc51745faf,ee562af1-ae7e-451d-ae77-1fb89bc3d417
a868ac9e-9663-4e5e-baa5-ed43a8af44a1,01d371f8-2732-4fbc-abc1-afb03ef4023a
29e12fa2-eb14-4bbd-8eba-93f0525f5fce,38a25a5f-684d-4dbe-a57f-5bd579e310f2
8c4b88b4-bccf-4896-a917-940dfb984636,de9b2f38-1caa-4dcf-835f-1fea926a39e4
d3a2ed76-82e9-4130-8fb0-5ca82d1105e4,45ab83b5-9cad-403b-bd35-3312661be9c4
711e077c-1c1d-44ae-b150-89b33199e3c1,cd09d1fa-fad4-48c6-aea3-be5779ae5a58
4712ff90-7d36-4f4f-97e0-1804179956df,c0eea47f-6977-4296-b307-672447828e9e
f1e23b87-0dc2-4dfa-a795-e743ca38e52a,4f28466a-8641-472a-855a-783ce293b223
49f2efae-2847-4ffc-9d31-948d6fb8aa90,476a3395-6dc4-492f-990a-b4ec37ac076a
fc4c7178-cd95-4f5d-ab1a-bdef8de934d5,d6736b67-5bf6-4925-9bba-3890087e0314
cd79b151-dc74-40ed-b567-ddb2d93e1ae8,6ca8936a-d3bc-409a-aa8b-d86ba74e3531
0e89a67c-ca7d-434b-87c3-2cef9fe8b867,d8adf2c6-0ba1-43e6-945b-f9f06a8f30d4
5649056f-1ac9-4729-91e2-e10ef205ef97,31003e0e-cc46-4914-bf95-2b2103fab5a4
81619272-f110-455d-9345-a8a003c414ad,c476f938-6759-406a-b49b-ccc79f76f47e
f8efc068-0993-4961-b88e-0af75d2863ed,c3157c8b-0526-462a-9eee-78b45d897976
52a37228-0e6f-40f4-910b-b5a5b913483d,fcd61a3d-1de4-46a9-b67f-bcf024658ade
6028e570-5734-4f63-be50-e5e46541fee9,031d2aed-5109-41ed-b49c-b4692a1be5a7
f328a59f-4da2-4461-a35d-a33f6124e24f,539c4c6a-2d29-4830-a81d-07461e4eedcd
831972e3-92e0-416d-91ca-d0a73dfd9b39,49d1192b-ba2d-43ec-ba69-30290022a282
6e644647-441b-4a21-855d-651345c3cc83,cf076b48-344b-4a0b-85db-f6e92c75661b
6409d8cc-7b58-44f5-bb6f-0ce768ee0c10,01cd109f-652b-4132-a3dd-6a2c4e8c3a77
fa45318f-cd34-46ea-81df-50bc1d3a1a81,d5e8d1d8-9a03-4d02-a1ba-d9c02970537e
0e1ba309-4a3a-4963-9167-e54491b15449,aeece737-97b4-4839-837c-90a0cd92dfaa
8b08a733-0740-44b0-8c68-8c2f80cf3b48,6e7c1064-0a76-47a4-86e1-1e7c460e54bb
a4bc8b6d-c78e-44e7-989e-f33202e72d77,f1e8cfc4-cf13-4def-8036-c578157b6c7d
192ae736-c8ec-43a1-b2b7-29f9dec3e6f4,b17efacf-bb02-4036-ac28-b53ddb501e06
d3b7f292-0991-4618-be59-8d3963c5dee4,7d44176f-d8c4-474b-b1f2-d1be60dfc0b2
cb0653f7-2905-4641-aaec-0180d0e77f2d,46ee5de7-d6ee-4192-b3d3-d3d711a3c052
9a75b9f1-5931-4458-9c6a-67f1e251b6f7,37434175-eb8a-4c27-a8a8-1bbfd815b520
f8e845f7-012c-456c-98ab-715bd75e2a95,284682f1-15e7-423e-a49e-11fd4e8c1663
8bc1c65c-3a40-4646-a22a-2f297a14c85d,135b77fd-dd75-4d04-aa0e-df7217b77d37
49698171-d464-4505-a336-80aaa8306e7c,011ad31f-462e-4a40-bd50-fe4f16e5a1ab
075d3bf3-4e48-4a88-bd8a-b9e7672588bf,c72e0835-908a-4cc6-9913-a5254322c727
6de4cbe2-d816-4b38-b5e3-c4d6b67bf308,6d97d292-4634-4516-954d-ffbe9394d92e
d1050c12-ec67-43bb-a96c-27b77a5804a7,ef0408b1-8dc7-4689-bf7e-e1c9f60d7a82
6a0e2ebd-29e8-45bc-88eb-057fcb7051b6,8a668c23-2250-440d-a0b6-3cc1d02028a0
e169778c-9e99-42ac-bc81-a9ddee2d63df,88610448-8bb3-4cfd-896d-76a751a69b2c
654fdebe-7b8f-426e-93be-93665de787e8,115fefa1-8aa4-440b-984b-1b14fe26e968
ec86b98e-3080-4e74-842f-8dbe86448a82,c05353f2-1011-4c46-b8bc-b6ce18a7c55e
f351f984-2384-42f7-a555-89a05e4b9556,a07b5fff-44a9-4f3b-afd8-afcf1272e449
c461b112-dd70-462d-99bf-9751c68e40f2,af5daa2e-8351-43e1-a268-91b992290c39
d9f8296a-a3a9-48a6-a207-6732c9e4079c,83332041-3f81-45cb-a86d-4fab6d0ac91c
361af2ca-4aa1-4bf8-a3f6-281a3fe07066,c150ae39-90a4-4dd5-bcfe-a99cc729a2ad
4ea14c9f-b2ae-4b85-917e-ccb5a3ae01bd,5a949ad8-1c0d-41ac-89c6-f8e85276ba3b
917ab6cc-2581-4ee9-b3c4-e74c35ba4be1,9c0db972-7830-4a17-aeb8-3f315394933a
62cab248-6254-4a27-930d-0d1602434e92,0e06b990-2e8a-4586-ad1f-a9feefffb79c
1da58694-9dfa-4b2d-9a60-274e223cc510,9dc2e652-b367-43ff-a7a5-8c5a4c696035
a911a8ef-7d86-4c27-8607-673df3293dd9,e5a2507b-0ccf-4966-9532-a5c93f4da8a2
d98941ad-f486-437b-9a13-d0a5aabcede7,c05ea083-652d-45f7-8e79-c081750d178f
1b4a114e-a7a2-42e4-9c83-36ed7866db51,14493e7e-2de7-41d1-a6e0-5f9ce0e3587d
b6b25d83-71d2-4ac1-b991-62ad3c6c10c4,c07f3308-cfdc-4290-9a1a-2284231448c6
ad55eda9-5b75-4ea0-a2bf-3f178f3a29b4,6cae448d-10f5-473a-b577-cbfdf64bcbcd
d35c44e9-c63e-498f-96a9-4dd39af4d746,4145f98e-ff78-4aad-8a4c-11ba050a2144
5f699469-dd49-474b-8e09-4e278fb0f30a,1de2fda7-90b9-45a3-b472-d973e2840a32
2ae4a0c4-f175-48c3-9e6c-9a782cb2e6df,a215c600-47cd-4020-9a99-26ff5d971c13
2a4ed712-06ec-4f69-b15c-5225c7d7cd7e,167c9578-8f34-4163-9e5a-45ee7c8d34a6
beaab27a-6471-4987-bd91-9a83b7c77205,a0370b37-15f4-415f-afc6-b99c4f473db5
36634020-0ecc-44cb-a06f-f15d17fd8779,89d3c444-b4c4-4877-9793-3c37ec8d4f1c
ca03ec8f-fc39-4179-a590-9348d22e4e53,ff7baf35-7cbc-4d77-9896-4e5866fea00c
1e207f43-5b37-470b-b083-57457336ddda,fcf26126-2d14-4500-9c59-d4f45093116c
56add7be-f247-4f8d-9e17-24692eaebd97,7d2547e8-04e0-4f93-a9c9-04a3db2aea53
bd95afe6-89c8-4af3-af3b-f1746ae9a9d1,78704940-5e4b-48e4-a026-9e12d69cb34d
5a05449e-2cdf-40e0-8f6c-575464e227da,4e07aac9-de6c-4f23-bf39-39b859a061e8
c75cf21c-419b-4d19-8d14-da1216895ff5,314ed26a-d867-481a-b2ca-bc164cee9c4f
eb4a5007-ab8b-4e95-a27f-975f66274dc5,33b1c88d-34b7-43e0-aca2-0761ff935882
50eea585-3150-4749-812c-46ca96887d96,31e1bdc6-6c6a-4bcf-a016-835fd090b82d
8d4d9ee0-f6a4-4d45-bfd6-a3556d577859,fa4e3c0c-1fb5-4742-a419-3f2ea3164a65
0d3e7799-e169-4525-a2cc-7b76dacd307f,05805123-41ca-4d09-8c21-2cc521df23d6
fb7ddbc7-a4e5-43a9-bd21-ee6b8a86fc73,ba85d4fb-6d9f-4c61-aa70-de5695fa1058
612a6310-8b6a-4593-8bcf-4f820c00ac94,62cb462b-a730-49a4-bb10-fb7b07d9b72f
618da1bd-e02a-4b08-9de6-861ca93f6d09,aa5c0cbc-d1dc-49a3-8d39-3cbce3181c19
8ae128ca-1351-42f6-8fd7-93b7154df716,922fc7dc-490e-443f-8193-42412570409a
ebbfe24f-7621-4f91-bdf1-7eead5451b02,89460ba0-1b02-4b4f-b564-9ddbabf9d312
340f18f4-7da8-4685-9dcd-d051e042395e,3d01fa99-ad9b-43d9-97fa-2ec658d2d0f2
135e2e17-4776-4aca-9524-783a56cb8e38,779adb0a-429a-4f57-94b7-5b15e0c1a9e2
26716087-97d1-4c7c-aeab-5e9c78573e64,71bc8d79-529b-401a-9ef7-ed554feb2e2c
cd031788-d245-4d83-93ce-3d5f15f2dc00,93e79135-100e-43e8-a5f9-a8303c380de1
86ac3fba-8dca-46bb-bec2-e8d5771d3369,a61c128f-b42c-489b-a7f0-ccc0e2144509
a569fb19-c0fe-4140-9979-65f38ffa58f2,11b37f29-23ed-4445-bb21-19e07e15b145
007bff16-1ecc-4638-a47b-e2143a3d47c9,ed4d958d-3954-4460-9c04-c9a362508640
a84e7eaa-b5ac-4df9-bb92-ec3f30c5113c,453e9695-a379-477b-a400-cf53d7c73398
3e271ebd-675e-47ce-b621-24cdd5f916bf,64dbe93a-a1b0-4da5-90e5-e31de6a5b8a4
f1893e80-e8e6-4606-b91a-8f38cc170776,474d2529-1aa5-4086-a5e2-2fe5e6d7aaab
2a5ff264-b7a7-4eb9-a90a-0691057dba5c,0511891d-fbcc-4b57-9797-42932ac9e55c
e2f273be-2cc0-4e97-8233-a942da4ba063,005716bd-b755-4891-9e71-193b478fe93e
67905872-8801-4337-b945-c84b468619b1,df54e4e2-04a7-4afe-a00b-40359d2ce661
9d8ae5ce-6fa8-45c4-a52a-17b7511cf17d,ac743abd-af77-4821-ab83-bf1ea5628b13
f5eb6b6c-c8e2-4289-ac81-5aa60f6120d6,d3b681a5-40f8-4684-a62c-147bd1cc799a
7585f3d7-4699-4ecf-beff-479c63f221e9,706b8ec0-9066-41ed-a75e-1a1626639bc3
5a888cfb-fd74-48fc-b4e6-3ff706527b65,31e40ed1-4daf-49d0-b41b-3e11fefdefa0
c7d49cb3-35fe-433f-ac93-183e3b93ab2b,e46de93b-4b88-4140-89e0-ebb0ab19e603
18455b9e-469f-4c39-ab39-46934672dbce,ca2bb4f7-697e-4fb7-a980-051756bebf40
fa14e868-0384-4ed8-9516-bc2e2abe0ca4,ac86cf9f-1b44-4c01-b154-07398b41b241
eb7b8ffe-79a6-47f0-bfed-7d79c90c8667,a293597c-ba3e-4523-9ba3-5ae299906cbf
2642ae68-46ab-4780-b78a-089e768f7e36,5d7d3d30-5863-4a42-be76-8ba7c5d08e73
5645968a-84e5-4d77-9578-533343b396b3,ebd0a33c-af6c-46b3-8083-495df6e85cf8
325caa5a-77f1-4bed-9de0-5c168ae7a33a,462c1ae0-56c9-4604-bdde-4a8539e790df
56c817a0-3f4a-4eac-af45-a246ea367cc6,b957af17-85cf-451a-bbb8-87995eab8a54
81f8dd0a-2dd9-464f-88cd-799c991930cf,71bf5b25-ac0b-4260-b082-4fbe0e5c2082
5fc8882a-e13e-4604-8972-3272b7060e01,4523f2c1-6d6c-44e8-acb5-8d700b8f5455
6eb2b1e7-b26c-4131-9d2d-f9605ccf360b,35f25b19-5c9c-41cc-8a26-8f5dcde56b35
18f10f4f-1992-4187-b275-17d8ac7fc4cd,7e3307c7-a31b-4d93-b475-9bf7e6a6fd08
36c3703f-db06-42b4-9577-c5821e9c47f4,588a8b15-07f3-4df8-9e94-6254f8f374d9
11cca219-2946-4d77-9e06-452742d378e2,0d7d172f-9074-4e35-9929-095c2d58f888
0d5ab0c4-0e68-4e4a-b037-34a5f0f58508,fb1d1d33-6450-4818-8b8b-23b39fb141a5
3a8c9e5d-769c-46cc-bc97-c4e94b8363c5,46ec3e71-2f8c-429b-87a4-61046bfd9d4e
ce6eb85d-2e3b-447b-81d1-1dc9c5955423,db438c28-1f58-497a-978d-342e38c377b3
e33b2223-dde4-49ad-84ca-86cd8474f121,ac29680a-bd9c-45b1-9efb-857dd8a1a712
010a60b7-804f-496e-9866-284af972bfdd,0f04ebc2-3903-463c-8015-57c4a495f963
02b18033-b66b-46e3-888d-7c21b773b127,999f4d69-bff5-4928-bcae-9e92c3620986
b930813c-ec19-4df2-bc3d-5a6dac9e389c,f7b124e6-3a78-4dcd-859f-17901f0ccba7
024e2d38-d094-4bde-b007-518c29fed270,198aacb3-f357-4800-bf3d-7b73e5ca721c
835720a5-d868-4f40-96a9-36ac77f5ed89,c85f0722-6f9f-428b-b00a-efcd42bc420a
55c9a5f5-d3b2-44fd-bc9b-ce48cf6f7cf0,9842ac1a-aa9f-45a2-8f01-97e1fa6ac54f
0788e5f1-6b50-4839-b7b4-1583ee04b61d,90415a42-7c6a-4efa-bed5-60a527242d01
68c5ae7a-e8bc-448f-880e-f9244b3f9149,750704e4-5245-409d-9f3f-441c30f8429f
91e62b75-4a8c-4e94-80a8-a8fdf87f47a2,ed0729a7-7fcf-4da2-9aeb-3d39bacda31a
e142d2b3-5a89-4a50-82e0-39d240b53124,c104b513-3775-496a-a295-21afb36e15ce
e81b287d-5078-44de-8e7f-98a36ec81b06,7d860d2a-91d8-418f-bc6e-8b6744c7c4d2
a7fca5c6-c4c9-4690-a463-4de5477d9ef8,74b4eae9-b608-47f6-8c35-d68fa8637bac
9a977269-2c43-4165-89a1-928048ee608d,5a894f89-aa06-44e8-a77b-1bfb922a991f
cc2193e9-f2f2-4c3f-af09-ef10ec09318d,5eba1e46-1e17-4992-867a-692532c2297d
20d08bba-c615-443a-bbdd-3d37a88fdb61,6dfa7bf9-3845-4141-9f51-d6f1b7dcd501
5dc29431-023e-4782-b100-ff0234cf8aed,a180d0be-db10-4946-8c38-84bc6b8ea5df
ef384673-3069-4d3f-8c12-7b4adf25210a,c2d68519-7d1d-4e9b-b9dc-9dd6293f3fcc
eadccac2-62cd-4b3b-a990-ab72c0814df1,3128d2b6-3419-4011-9f27-080c51e38e4d
2b7297ff-1e08-4fbf-a280-feebeffd9f96,90735a98-e5bb-4546-805f-2b91d286840a
b33c302c-531b-4900-b9e3-cea799f2843c,c3e55841-d1cf-4a16-8dd9-2bed93ee73a3
a166129b-86c2-43fe-849a-3b22781613f3,b41a3f44-8917-4ca3-b542-94fb605a8f43
09be186f-6f70-4e05-8776-d1ea1cd154c6,95eb3896-94ff-4a16-8289-d3a8e0282169
5f6c5c86-04b5-4d71-90e7-4b454444a7ab,e3541174-acbe-4090-a502-b92fe7df2562
364bb6f2-7cf7-4036-aa22-54d7dbb558fd,37b203ad-8a58-40a3-8699-cc533573762a
8abf17fb-01f8-49f1-afb9-16206ac72ab2,1beeafbe-ac95-4610-a8d2-d4fd4b9c74a5
68b862e6-f8d4-423b-bd02-197c4022bc85,d1630b37-c100-48ce-a3a3-8690f379946b
b631d174-22bd-4bf0-be30-d2d8b835ac16,ea494f5a-a74a-46c7-8016-e1aa411d92ae
2a48ba57-7940-4282-b373-6985aadf7c9b,b654d1eb-6379-4402-98a7-932b2782bd88
8fa1773b-f573-4518-a630-65efa4f32cab,43b67055-8e12-4464-8d1c-0f181a979c42
b8f5310e-f702-44e0-bd15-82d8b6e84a7d,250944fe-7556-4314-ab01-9cb3126e0284
eda2611f-4924-44c5-b54c-874729ee172f,198896e6-6603-40f1-baf3-2289b4ffb069
7def6b29-cfeb-49ab-bbce-e60cd5958fac,dcf83b4c-120f-45d7-a027-ab43651a2781
0a67aae9-badf-44a5-ac61-e5658f1f6c8b,25db7e16-0842-4d75-a887-bf7df9e11fc0
a79255c2-6a5d-425f-aadd-44b7c80f9ebb,9f5fcbdd-1b86-4912-baaf-509d16c08039
fbe6adf4-6af4-4732-944e-8b2821bf2309,6aa063b4-6f3c-4f58-97e9-4b1692a0eaea
37a9793a-7cd1-4c43-a960-d7f3b296ad90,bf6e8acb-f57a-4ced-8e07-48d1c33cb844
b6043112-6a57-4f40-86b1-d863fec5d57e,354fceda-c855-403d-92a5-74ff0b50b405
f983b16c-61fd-431d-981f-09a824f9e3ef,81c4e77b-8202-41ca-93f2-60bc64939245
570f874e-7ec3-4e29-8478-34c56e2138ce,bdf1c921-1798-42ff-8c32-8c59cb8dae2c
5bf23223-55e2-4a9e-aa6e-e38ad9cbdf30,c46528c5-c6f3-49f2-9231-9c0e0e285bd6
a5eb538d-83ec-434d-9461-49fdeeeee930,4676fade-0a0b-4bbe-8e96-1619525910a8
6893223a-cbae-40ef-a5f0-d4ba30290cef,421ba3d1-bbe3-44bb-aa54-e966938a1843
477413e5-4c89-4172-8f0d-65e83766bc34,a78ff6dc-d31f-4eb3-aafc-4557ba3fadb1
fd45ca78-7e42-4e6d-b41e-fa0dbd349760,068a75d1-b6d0-441f-9d47-e1809250c13f
c1893e6e-7148-43fd-bd0d-720ff1638f58,1a45304c-55ab-45b4-a085-b4b7a39ee224
bced5ea1-7b53-4880-ab3b-caef95e6736d,294ad899-cf7a-4191-ae82-ab28fe02cd11
92d73c22-c3d2-49dc-8e13-b11266c5fde7,e2e6afd8-952e-4faa-b099-04a54e9c7ac6
007272c4-648b-4a0e-9eda-83c60415a915,5aac9ed0-309a-46a3-93e6-ff548c87db08
9dda8e34-b534-48ff-a245-045c61053f41,ec364e53-37d7-46c1-8c5d-2b395f0198f6
72a5d100-3eea-433e-94e9-16dce13b2a8a,056be1d4-6262-49b8-b11e-7050f2b4bdad
c14019c6-3811-448c-8970-882f890fd67d,791d7563-bbf4-42a7-ab28-3fc050cc42ce
7101a306-0252-449f-b436-e0f859b5e443,842b2dbe-bdab-4767-90b5-5cb1fb4f6365
253b6edb-7ecf-4be9-b712-ca82c9f8c84f,3ccf771c-9513-40ad-ab47-671150aa7ac2
e47f11a7-8af6-4985-aabf-833e669be842,6e161529-8e74-4ecc-a24c-070445c554b2
79681d39-bdad-4d0c-958f-53a142b777a8,05063250-ea58-48e8-bd71-ff2cf191ad39
66b56c26-11de-4295-b567-e87f7ee57097,88f7e6c5-fc4e-49dd-a58c-c8da5b4698d0
8bb232bc-a449-4436-b218-df0cc6826386,e0eb19c3-d347-4a51-a2de-35d6543760a6
71a9d741-a8da-42f8-897e-19f685a0fb07,c367a08c-5aa7-48b2-ab9a-e1768ad8a8a7
966c8c02-418f-4280-8178-af6f546f382c,d713f87e-9f2a-4d2a-abee-decbbdb38230
3e7f3c4c-210b-4a6c-a1f4-48ecaf3b9a79,a8f8e266-ebf9-4a40-82bc-b299fd65c6a0
b7384f94-f85c-49f1-bfb0-9cd0196c4038,0605902a-3df6-4b22-99d8-d8463f5fdaec
ccfda839-0793-4e03-aaaa-63b02019ebde,2fd9fb09-ea4f-4853-af94-ae3735ca867e
9079aef0-bad5-4e83-b768-c1baf2cf0d10,a3c76c7a-932a-4c87-bfe5-0ade32933c0c
bf6f5fb4-469e-4b8f-a733-bde68e45564e,93a751a2-c97b-4ff2-b2f3-bcff8bd90496
a4cfb5fb-64b9-4566-a6d1-32cc1e012183,e45e9282-71d2-42ff-ad61-a87fc6b74370
ae28b482-c33d-4d5d-a0d2-b4b5c17ca7e1,ee15ac90-dc79-48c2-87d5-76399af8017b
6f3a80cc-dbf9-47f6-9b58-0364c553786b,386e2c46-ff86-4db6-8e2b-f5bb1025dc08
e57a2848-0b01-4b32-ad58-200ec9e58aa7,ab2666b0-d12f-4fbb-97bd-c1087b99265f
3037ce7f-0460-451f-9bc7-ac803ada7ed4,4419a11f-ba91-4b30-894e-97fbd0db1850
5be0204f-9e1e-4f21-a905-f76ca9a3a484,83c4c605-26f3-4882-b62b-be5836484f21
13a6d2eb-3518-4456-a30e-6fcf132039a5,8bf5ed80-04d4-4665-8e8a-f47dd2b26c53
d44a11fc-2937-4c08-9b58-f5c0dda955ae,e00dec25-5fb2-4df8-a8d6-41162788b7e9
e87d1c74-d1a1-48f8-84bc-c72d4d9213ba,557fe27c-e699-4a18-a82b-6b60b152168f
16fb13c1-a389-4b94-b79b-b4edf030f7b4,9a8c18fa-7377-4240-9353-b46072eabf28
64f3a1c8-bb67-4b56-bb2d-e038280cd769,cb3a1e33-bd34-4abb-ab34-83803279df20
eac4e5d3-1fc6-4a8a-b09b-9893567be32d,227e8d81-72da-481d-bbd2-80589fabbc70
60c3401b-6831-4438-b615-4c3dc7e9799b,800d60ff-c0a0-4d3a-9826-d3f7e34cad98
7bdda9d6-8415-4736-b163-9c5450e8e608,c30146b6-5a63-4983-babc-f72d67034df7
1256cf1b-36d7-4bac-b3e5-3547999224a5,62e4610b-6fb5-485a-84e0-fef871998e32
069f19d5-1203-48c1-b6f6-999a72bb24fa,e3fd14cd-b276-4a30-aba4-2f0cc1ca41aa
7592f2a5-eeba-462b-b640-a67fd4ec9df7,058800a6-c5fa-4d3d-8c7c-0574f25d7b7f
f8435a61-89f8-4a66-84ba-629148b539ae,bb507d24-bd18-411f-b2f9-f7ca179a73ca
7edb6be9-87a8-4eb7-9d4c-8d7705b55c61,3a73ad33-3bb2-4844-8229-4a36df107da8
7b4dbc75-515b-4240-af0d-10734550d230,d46da0de-163b-4116-98d0-4662379acee7
946c175a-f1a2-4c08-926c-5035faaca443,5c603c0a-bf37-453f-b5c8-c4601e9d0157
58d81557-2e3a-4f9e-a32d-18e0d5e70f39,6fa41c1a-ffee-498c-b19d-0b53ef82f2f4
e458d9a9-5313-457c-a4d7-391778f20149,29ee1fb4-5890-4320-a805-390a7293bd51
83c26bb1-dd8e-437a-b947-218b6cc53b8d,8f839981-924e-4f1e-9471-f2e07507e48f
6cc2e1f8-bc3b-489a-98f5-b4c34e915746,1e26b57f-db1f-44a1-ad22-9190a8a3cacf
c803166b-fdf0-4e9e-acbd-54c886f9333e,f1bf8e9f-10ff-457b-93e3-4bd19da5e2a9
e5c57d57-fee6-4681-9e19-4a060a768d7a,783b5f3b-021c-485f-9064-269e8fdbf4c7
851411f1-ce88-4e84-95e2-307acd48299d,dd8053f9-43b3-4796-b28a-d2f0181a7c52
fd6cc69c-970d-4077-a7b5-2d2d3abad8d8,240c102a-1db8-4ab7-b5f3-43cd387df6cd
39304a85-3be1-4ad0-b0f0-1c7319074cb5,ead3f3fc-5052-47b2-81b5-bd8ba1255889
10b1da3d-571c-4bd1-927c-4683dc6ee984,55e3941e-23ee-4740-ba7f-4170274b99cf
c5a73356-ddf0-4071-a2c0-d44e87d2d640,e24c09ae-0c74-4e54-a5d0-b9359ab698ee
f40c060f-7e29-4eeb-9628-7692753f473f,b66401c4-e9a8-42bc-b804-4ec18eeef4f7
c543201d-7414-47c8-b052-749c4b09bf5f,4495dd0e-514d-4c5f-beb1-ace99292f5b6
f7f9e2e0-e262-460c-8a1f-0b71fb775470,430f35ac-2315-433c-84ea-45f9d94757c3
1adf6b0d-8ac0-4b57-9b48-545002469636,b38939e0-cce7-41cb-910a-5eb191e11c74
d44c8ebd-e201-4e31-8081-4aa1f602c56f,3159b92d-92a7-4fc5-a8d9-599d3a01e3a7
5733342d-da13-4657-88b1-dbda2eb9dd35,f08a2940-08e5-424b-9474-7236595e6ca3
20b544d7-1c02-48a3-b482-580ee4d7739e,d81de788-ac50-4251-8440-dd616074b573
6890d105-319a-4b6b-82b7-632153be5a22,95205441-bc0a-4890-b0ac-20e398fe2650
67a536e8-f412-4853-a6b2-fd3454cedc92,5b74f751-0cf6-414c-b8db-b43d4b9b5cec
ec4940ac-b726-4977-87a3-5080c2a19b4e,830ddd69-f70b-4024-9f8a-b80f287aa7c2
6cfae39b-4f87-4dcf-be1f-b743e03aa7c5,d7ec453c-d774-4770-bf34-ca93069b8ea4
a42e63c8-516e-4aa5-8e09-7f8486fdd858,5331617c-e516-4329-822b-41909883ba42
e8d553f2-2ce2-4f7d-afb7-e42337911f53,528d5f8e-45aa-47ca-9b33-1f4e3d48d68e
9cb0bf45-037c-4a68-9555-14c76f1c8c58,c9c767e8-4bbc-41b5-b422-426ad272faea
1f822f1e-eb37-41bb-9d86-802721502a32,663c87f3-9f37-4c6d-8cf5-81c64b5704ea
9d79e981-41a1-400f-948f-b3c800ac5a73,a0056981-4efb-4b4d-9cca-58e48d7f19b1
b786652a-322c-4398-a524-bc6c4d4e73a8,aad82397-dbe4-4873-b2c2-d910fbac7bab
16239e74-7b8b-4a30-afd8-5ce9220d8fc9,5b58662c-f4a7-4a06-9b92-00c04fb71bfa
e7de9f97-b040-48da-aaa1-c961ab90c60a,faaa2e52-2b3f-43e0-bae4-2a78ca47ff79
81012a27-9b38-4e86-a56a-00ab42215aba,aa0df6a4-b0d6-4703-8ab1-c6272bc9c931
98cc979d-724f-4dd0-b142-f903a7d286d0,85cebea0-796b-4dda-84c6-71293aa66c29
3513b588-a549-48a6-adb4-c83ce7c20e11,2faf0429-36eb-4143-975a-71f4dc29928a
e8a085fa-8ea7-4244-94fc-cd3c392a5e51,c32335e0-031b-4ae7-a002-21095ae9dec7
ff36df2d-2c5f-4fa5-85ba-56a14269b3ce,6285805a-55db-4717-a472-0e8fc0d3ea10
a63281c8-fda3-4f72-9840-f306473a61bc,dd96c4a5-c5f2-4ba1-928d-927bffc43a8d
c6dbaa72-4140-40b7-b800-bf5fb641221b,b0813100-f644-4b11-823b-6de5d21bcb96
1df2dbdd-16a5-4fd1-868b-5bbda4a84e5e,bd1a1a86-c333-447b-b806-d415d32ac7ca
8f1bc26c-1de3-44fc-b15b-899fd62d3da6,9b0ac900-3166-4b89-a7a9-99c4b4e44377
0b588733-359e-401e-9a9e-b976773fe07a,1d078770-d57d-45ca-ac33-0309aa3a7574
31124eff-f7b2-48e1-b5ed-bbb289ef5b54,efe3da42-91e0-4f7d-a7e1-8926ebf1fd88
f6cb9b83-45a7-4b84-8259-93d168a4094a,eac572f6-2f37-4032-a724-eca378ec8a47
9a62a6e0-d803-438b-bf3b-cbc3b59c6977,255a4c28-31db-47ec-95d7-f1183eb70ba9
ff8756ac-8f34-4bc0-a3e8-64dd994eff62,deb8dcce-92a8-4bb3-8187-c00aec1f13f9
9df2dc1e-3c66-435e-ac15-8d14dfdbea5a,831041e8-0b36-4623-b294-e1eb403ae405
c6684c6e-b988-4385-b5cc-79383c729535,350fdac1-03c1-48e1-81b2-e393b688cee4
7044a1c8-7d3f-44c4-ac25-acfaebd69178,2ca05377-e5cb-4555-8470-a65d3cac6688
baa348a9-3dd2-43e1-abdd-5e77f6fe3666,65b96e56-4f9d-4b78-b52c-795cfbee2d13
ddace8c1-a621-43f0-bf7e-43ae4a703d76,d1572f67-263a-48a4-9f4b-6ac19973de76
2c58eee0-e265-4eb8-b4f7-6be32a66d3ff,6a0c2847-28d5-401a-bb0d-3f4aa7efad53
eb5c6fef-8bf7-425a-9860-cddce3ff5a7e,47fea720-61d3-4dae-b03a-c2b3589677dc
f918e4cb-c97a-43c8-b13e-77c9e344a245,53a09ede-5a7e-4191-8972-0a6273bd4ec0
20fe1ade-970d-4bd7-ad9a-ecd5bfbcbcfd,4339520a-86f9-4a78-a79d-ac2c2f15ebd4
8ee2ffc9-e8db-4ae0-b0ac-2882ba0fcd91,00d2b725-261a-4e9b-9698-b08d160a9416
e3a6f8fb-0bfd-440d-a679-385e0ec7ccbe,73b1dba2-bbdd-4d6a-ba9b-13c7c52e3632
9b6fdfb7-a919-4c4f-a4b6-0c61a1d96678,1033317a-40a7-4b2c-afb3-5dd1eb4cf13e
5ce967da-ccfe-40f5-a7c1-0ce2242e00c8,5a58a19f-01b3-48b7-a030-76c908ad9609
a79455a1-8a27-47f9-82c5-89fec7c2a3d6,f3fa4927-6227-4bb9-b542-606eb04ad5eb
3bafbe78-2b27-4526-9efb-8c7693d71234,826691ec-e222-4d58-beaf-b01dfc359091
058796eb-9a30-49ab-b2e6-218d0d445b6b,a030f13e-b893-4b19-b7cd-1f408dda72b0
870f4ea9-6678-4a33-a9e5-c07ac0a7d7d6,1f0fee78-e3a2-4ef6-a55d-b2b5e8b561f3
7f6ae10a-3cec-4c4f-be5f-001d9005926b,98f5ab95-0986-47e4-be9b-218fff6fadbf
9d4b6e1e-7022-4b09-b439-f4509eec7274,487cfefb-a2f3-4ec4-b593-b88ad9c7e05d
4d7d8ca6-91cb-470e-a376-f0c84c6befe1,35e4bcaa-20b1-4f0d-8fc3-62faf25b8d7f
5012ef7c-8ccb-4d83-a17c-79fca14f390e,73a0c047-c983-45eb-b9fc-59b44c714e39
2458df87-581f-4566-9bad-48ee4fcac8a1,c55a2a6e-0440-43b2-b147-7ec6987683b3
57e0f19f-c600-4f90-98ee-1309753678fa,b3088951-71ba-464c-a72c-4d49f501c8b4
15bf84e6-9029-4230-a926-b10d894dcbfe,724dfbe4-d86e-4166-af37-098ee8bff52a
f9da0003-ee4d-4239-8eba-3320ae99f443,0b73de4b-70e9-4c09-a158-48a1620275ac
dede5958-b128-44c3-828b-ad704b6ee46e,cc99ab7a-201a-423a-9442-2bc17b32370b
98d8716e-0b24-4fc5-8071-2010485495d9,5a925605-4326-4f8a-9cb3-ce57ac759202
f1057a89-11c6-4ee6-847a-a6a2c75f78cc,40d09a5c-e717-4b41-aef9-70d1d4398c2a
e3ac3244-202e-4399-994c-4982d24af31b,9ce7fd2c-7f29-46ad-a1a7-a2b598e41d15
aae7a832-ceea-4f78-a925-ae3cde5e9d54,71e52c28-c634-4d77-9ed2-1a6f7052128e
b6ac5f1d-6f43-44b9-8d6a-374303b276f5,017bb5c2-45d9-4e25-b654-cffe77c396ec
8008b337-8835-480d-8ff9-cc18118a86fc,051e6dc5-a7ac-4d44-b984-bd863227f247
eadaae02-1072-42ae-934d-b4a55705d954,76765b3b-e7c2-44a2-88b6-6726f3dab764
9321a74f-0ad1-4315-b766-125950b7d6fa,380dcf24-2fea-459c-9eed-bb7ce1414363
87a23807-7218-4815-9597-cdbe7871bbb6,681d3ad3-f743-4775-be25-504ebfc0acfe
23eb809a-a178-4656-aeca-e23836b660a5,cb597866-6475-4bf2-91a9-708ec028577d
53e00e39-812f-4298-bed3-3986947f62af,6225dc47-7505-457e-9feb-4884b34faf86
8f8d8492-a222-4648-8830-0ae4a7ed3e6d,a72d334c-89ca-49a1-9229-75600d50290b
5a250a22-db9a-4109-91f5-6d102d5f12ea,8c0a5cfd-4c40-4a27-b4fe-12fdda7e25be
4e9daaa6-0810-4dac-96ed-81e1f3f340ac,6993f9bc-1c0c-4b2c-867e-80e6c2584593
f8bb92ed-4ddc-437f-93d5-f1f8a1f3701f,2d5b4062-bd21-41ca-9413-a17bcf6ca7cf
f6686be5-5b2f-412a-bd10-86a45b21b0fa,836c0b6a-ffee-4698-9177-2a05f3255148
1f30a8a4-ee37-4a56-aaa2-830a24692518,047494f3-2a14-4d36-a8e1-841b90958dfb
c0199196-5924-4476-bab9-9db6c61f9c45,35b14e09-12a4-4065-8335-fa52138bcc3f
28e593f3-0e24-4c2d-9a31-e795e94bf2f4,277365f5-3513-4168-9313-8eedd8efe68d
64e4b7d3-6367-4192-83b4-71669e20f2cb,ca97f00b-412d-4221-a26a-62de9b855329
257a206b-721a-47ea-8707-7cce00d4dab0,6c1cba23-a343-40a9-ac14-70eb74363276
a4379fda-747b-4d72-9ecc-2d635ffc4a12,859aaa45-2a28-4c1b-b764-d5b8b3b7783d
699b82db-b943-4867-95b4-c7feab7cdfbd,3b4d724e-5037-4c2d-9bf6-1f6c76d50a1a
e044c052-aa23-4153-8c68-181007744a06,d6d0504d-090a-4d69-a712-997af313e690
c78e2b96-e026-4328-992b-fe0ecaa03993,235b23fb-15a9-4b67-9461-bcd47a84711d
aedb5c50-2130-4b4a-9281-904df7ffb401,56d18fb0-d649-4258-896f-29ba5233a1f4
4f4eb6d6-122d-4b36-8fe7-030a537fc8c9,fd0f4944-6480-40e2-a8d3-31a8428934af
7ad80a46-39bf-4e83-af71-565e566bec22,fb5b1327-bd31-4251-a877-330947559e69
80b4c87e-11a9-4886-81a7-c022c53ed442,8a8dd5c1-ec10-4720-8961-a0da6ce23332
21aa9a34-8442-443f-9bb5-4bfc2cdb9d10,01739881-870f-451d-b60f-63bed3064d8f
240fb204-0d49-4bff-bfb4-42c78043cbfe,9c9ca37f-c65c-447a-b3a3-2a614edfc557
ab698317-64a6-4fe6-8071-a2b69a49abe4,9e249556-e14d-46b1-b547-d045eb91a697
26449df5-986c-46dd-977c-5ff74d4eef08,c4951594-3128-456d-a200-743360703d90
98c57f20-1c91-40bd-8832-9f0a57c438dd,d8289c8e-7c06-4a1e-89d1-2d00aaa93ca3
6fe0967d-82fe-4e6a-8cd0-224de812ca76,dd2eae5d-2256-444d-a2b0-8a89f4af9d38
d4de93f5-356b-4d05-aa60-895290dad9b9,aab14cea-84e7-4a15-b61c-43e2b8244d18
257f3c69-d8a2-4eb8-85f1-fb7e532daa23,6966f931-2976-4a8e-a8a9-de707efd5551
616c2c97-5a89-4e99-bac6-520da39c711d,3dded186-9431-476d-a588-387bb8b678db
9566e0b1-c86d-4aae-8754-ead9d210fe3d,cd8e32e4-e08b-4a94-bbab-c0bd489ece68
eb702780-2c25-4f08-947e-b6688a05537e,f2b835a9-3a06-4b9a-a712-8b69138897dd
1d1a5d14-2575-47bd-bc2d-c24592cca131,ff3986ab-edd5-4d75-8a49-1b3b2c573d09
2ec7e7f6-b70e-4cc2-9af8-211b8011d0e0,ba143537-69ee-43c7-92d7-e1eba9d36e46
f075c274-2b09-4d7e-b20e-331e0482c9ea,8e2cb119-f5fd-4879-a121-0134f8a30d0d
d28623b1-fdd9-4997-abb6-15bdb10cab65,c4340c37-1cf3-4254-ae57-dc836e876a9d
35753dab-355f-4cee-94ac-bebcdaa3b607,3787f5ae-4a57-4b61-8589-31770a9ede85
6296909f-9ec7-4434-a675-00515be3081b,4f9dac97-b6a8-4ff8-b66e-b6e889ea093c
65ca5c71-661d-4623-843a-f1461b040831,a8580a8d-d966-4750-adf3-8c0f06321bbf
adace289-4fd8-4013-a0e4-15b8d360b573,4dd9fda6-1569-46b5-974a-7bad05783145
a5f1f296-e3da-4343-b2df-3275a3411195,23d78263-fed7-48b4-b478-9f56f2e6a68a
55a87ac6-64c6-4a74-8a39-c59c2721e14c,24439c1b-0d55-43d4-aca1-073a24e440cf
fdd90fbc-2e72-4cdd-827b-3b0b9734cc85,52d06983-d64f-4b2e-8340-b85b4f008d1e
3e2d1c93-6ccc-4f7f-b07e-75a2ba3db4c2,21e1ddcc-389c-44f9-852e-7a0383ff1b1d
9b3c4f49-2c10-4365-9f07-8917bd26a6be,a63079c0-7e84-41e3-ad26-0c253c7d65d0
31890fd9-e3d4-44e8-bb80-4057b9d4c6c3,0d6c4a2c-a1d0-49fe-a08b-6d95b96cb1c9
2142ffd6-f9f6-47dc-bb9b-ec9d2b4e4539,925d069a-bf35-4897-be5d-fa8a9c93909b
333de6ab-295f-4470-b872-b46e40a2aa4c,9229cee5-cc5a-42a5-bb14-c86d852a0793
0203fc17-0c34-4b3b-b627-2358e38bf823,4854d0f2-6240-4e06-8e90-e50fe6b8cd62
f3710968-86d9-4486-98e2-b9b54932b38c,26e2b8f1-8e17-4897-8ba3-4a679c03962f
10111e77-a038-4ef5-9b24-de0251146fb6,eaf42b81-2396-4471-b602-1fec224477b1
dc2b7a9c-ebc9-47b4-b60f-3722640cab73,d424865b-8b6a-4c57-8a0f-e761db697e12
ee7065ad-c1db-4f23-bf32-d67df8df6942,eb41e9a8-5f8c-44c9-9665-cbf2d1eea844
db1a7294-0328-4f62-85c8-ba57e0895af9,5ad46697-cb68-497a-b01f-a3a72ab7d92e
e3b6317f-78bd-413c-a835-d0b11e008d3e,fcd98269-41da-491d-ab63-8664efa77a26
ebfa64dd-f933-40c4-a249-2b36af558993,323db9f3-65a6-481f-a08a-c3706e030044
ba1d3753-1588-4a2f-9a1c-9a2e4d06a299,6cd04f3b-5bca-4446-b9e6-9d5ec0c757ca
5b034659-2263-47e0-8141-2ec3c6c67409,883d96d2-3cca-42da-8f50-934df2c85288
d8de08fb-9c91-4c36-a8e1-924b51134e7b,12945404-dc41-4267-aba5-7819f6be9af2
8008604d-eb3c-4bba-84b2-8a1ec96c84c7,3d98c93b-eb83-4a9a-81f5-3923eaf0dd79
0c504d4c-4f25-4bff-a8da-d32cdd763996,89adedd6-f483-4957-ac9e-5dc1ce5dc6ab
e9f4e263-e77e-49ca-a10e-06221e895790,2944f771-5100-4732-baeb-c7137480091e
5e5bc039-b77d-4012-9e13-30043d015984,b72bb630-68e1-45ac-98f4-79844bc3565f
248eea63-b0ae-4f52-9de6-fc5f607cf4de,1f49cd0c-1af4-4ae9-b951-4630f438b734
5e27adbb-5c27-489e-97a8-e16e2acc74e5,faaec7bc-004e-43d5-b716-34ce75cbed25
ebda5fec-bc42-421d-baf5-c3b69f548eb3,74d8709b-e62c-422f-810e-ccd555328ab2
e322e719-cbb6-4ed7-a27b-7567ce1aa945,21964d63-d9f9-4558-a3d0-e02baf18b070
7e7693b1-207a-435d-a8a3-a08ba1c04c2c,3d9d4ce9-4b76-4462-a71b-38063e6b2ab9
d2298dac-e555-4f0d-bae0-51e4d10dd851,fb3543ff-5828-4910-b66e-359acf323bd5
78872e68-0b0c-46a0-aa10-7fa3b44323e9,915eb485-ccfa-4da2-8f7c-ad7bba31dd1f
ae9e02aa-e9a1-4d04-9cc0-f67238d7f986,5464a87e-6592-40ab-b58b-83a3ea0f9897
7c891c6c-9d11-4c97-b47b-6bd3f27b7e0a,d7a3f20b-ea73-46b4-b6bb-775d2f2d4c11
9e5e20d6-bcc6-4fe6-9b74-967bfcc28891,d61c8b61-67cc-4fb7-8965-fad332f59b3c
c462212e-7541-4017-b167-ea78a95c6bce,6c1ff141-f1d7-4d90-8c1b-05a5899940ef
a55c5412-f6f3-493a-8a35-4724171ca9b7,41418f44-6c89-47a2-b638-4d0ee9a909b6
7634f2ce-432e-4c68-a421-f8c40a48203d,8fca1975-855b-45a8-8f7f-d69eee2a1698
2bb5fad2-430a-4122-ad2e-7459a24e98b2,3be0225c-2a56-4c62-ba27-1047b0bcf426
244c095f-1ccd-446a-ad37-7b5c71d8f191,f465565a-74e7-4503-9a60-302a47f0aa9e
df44f23f-f054-401f-bf8d-a44e88ee8dca,dc5d8303-e16f-43e9-a528-a43efe750ea1
1306c8bb-283e-4ec2-ae0c-99d0fc265f09,2cf270b3-2e1d-4e1a-a41d-5d072d08b22b
82579e88-ad26-4b2f-9693-98f5d31f13ee,f5bd8e37-2391-4588-bf60-d7f5b03cf0cf
39d1c3bf-ca3d-4676-b509-c2ca2eef7465,51f956d1-11f7-42b0-bc2d-49f628822414
fe2849f2-c653-4bc2-bbc7-d4f49276342c,dfd81160-b081-471e-93e4-241001838e29
50649fac-b144-4162-abb0-370cb3fee740,a5f5ea4c-a36d-45c2-8eb7-9e7593f95c8e
9124361f-d2f4-4105-8ae5-ccd8e145d72c,a8c342c3-85f9-40de-9710-a399a20d3966
60c0b01b-834d-4167-97ef-7e0e910bafce,a41e63df-e6dc-49f9-aa8b-8f9360907f67
e59d6296-e5a4-4687-aa51-90acd2ec2cd9,5978b019-53ed-4ad9-a94c-1bb329ca88e9
b551b170-4734-4327-bcf4-5e4f2937b910,1eff28d5-e856-42c5-b56b-f07d90e256f9
50576b09-0c0d-41a1-9d67-84c7b51e8976,82c3af0f-3f33-4407-9718-a7c139abe731
c783eb7b-acd9-43fd-9aff-f4be628e841f,619f8512-acb7-4cfb-b263-d718028e40f7
bde0524a-80fa-457f-8c0a-b5c320aa7b6c,12adb907-b4b4-41d0-bfa3-1877ce7ae07e
c8ce2fc0-2629-4d7c-8cf8-b0b49e10f37c,db62212a-58cb-431e-9d77-64fca57adbe4
05ac75cf-ad71-46cc-8401-ee31f9123bbd,9df69a32-1c54-47a8-be3c-eae222447ade
d2ede141-8dc2-41a5-a022-f0515189fe4c,7de3cb90-51cf-4bff-a35a-25bf148112ff
77a12203-370e-40a4-9ad6-4b3184652adc,be7e9bfc-25b4-456a-8199-af27febe37df
e5d28b67-f88c-46c4-80cc-c65ed8749222,8fa6ac76-9fa4-47db-a097-9faadc67e96a
d8126104-5f31-49e7-8bb1-d77a4b38739a,d06f8cdb-d05e-4f77-85a1-7bd6a8677e65
4ebb27c8-cc77-456f-a16d-29d2e8698e12,e36e1fc4-0f48-4d96-9d81-98e75157571c
ff2fcb77-bbf9-4225-a5fb-038978b9db17,51ee8fb8-8f79-47ed-8d3a-41e64a38d496
d26064e2-1b3c-46ae-a3ee-459b4125034e,bb24a761-5765-4111-aa48-d032feac2a77
e681e3b7-957f-41c7-8010-5644f6d9ff44,f5372c29-43b6-4470-aab0-e75cdcde6770
86884a2a-fab7-424c-b3dd-978e5bf9b603,2cb42ce1-61e2-46d5-8db4-4f69d18d60eb
86e84c8f-447a-4203-83c1-d6995902f1d3,d4128d4b-35e9-4521-a0c6-379c79bc6412
125a1eee-03ce-4b47-8c45-203be2dd3672,f71baa05-57d5-42ce-bc70-ab71f942216d
260edc1e-a29e-46fe-9510-5b5ec4438cb0,b8134e02-fd0a-4a7d-8f86-11d1c2af196b
aabd15be-c858-4725-8b3f-346bfd6127c8,0215c39c-00c1-49ff-81be-d43a74aa3c9d
774193c0-571a-4224-8184-20eb166c0a06,624b6612-3f42-48da-9275-ad830dc787aa
410fcc4a-109d-4103-9ca5-5a1674b988f2,20ca9cbc-4895-4c7f-b560-c20591545bba
8a49576b-c752-47dc-ad7c-4bd352a1eb05,ffab0aad-d808-48e9-9d83-d3381bc3a827
ccbbf624-209f-4ab9-bc05-894852ca4fa4,d025266c-6405-47c1-b4bc-c476e45987e8
9f90dad9-d0a9-4d26-bda6-641fae6d8543,ae042bcb-75d0-47a4-a9b6-e95a961f14bb
3d6bc13d-9edc-419d-b0f0-f8739d8ec4c4,ac1134a5-c370-4b0b-95f1-3f6465eca5b9
3004a0f4-ec15-4b30-a693-d71633774cd0,d0fae54d-13fa-437c-9266-578b22121179
8dedecf5-8795-4e3e-a8ec-afb896d654de,9252f1ef-48b9-411a-adb2-8ac9278e7607
aac092e7-3d8a-4fd7-8209-49064afc77c4,e8cf95fa-1cc1-449a-9a8c-0111a417e32a
d3e558d8-703c-4ce7-8712-1f5aab08ce04,02dc3feb-3d0a-4ef8-af3a-f1f2f67650aa
f50e831c-237f-40f5-8237-c7f47375b3bf,540b6b21-f11f-4ad6-a524-179647e2f80c
06d3ee35-b899-4e7f-9c05-08505605b5d0,f93ff7d2-1ddd-42a9-810f-84008bff76d5
09527be8-88d8-4f61-821c-caa1c2faae18,c08628da-ca7d-42c4-b8e2-3ae4d663432d
fb7e202a-0611-4f16-8a2a-51efec1dbb3d,cef647b3-6a22-4125-bf39-7279268a26c1
8668f8fb-34b2-4d59-865f-e09fdfdbb025,254312f5-5688-4ae0-a9b0-33a9b321a3ef
c19b3db6-fd1b-409a-bed2-25a69ea4502a,53b8f12c-a008-450d-b7ab-5089d237fe35
5bac9e50-8d78-4698-aa8f-7ceea2a8c3f8,51764a20-fdc4-4779-a17f-13cc783f3c80
1295ab32-baf8-4d39-aca2-1fe2738e2b5a,ba20d1b1-545b-4af8-a43b-1bf961582c95
1e80d3a5-49b8-431a-9aeb-3c7b7730932e,5fd890be-0b11-4495-9a46-bab287de1cc4
7a680dda-ac0d-4f86-8d17-dd5d014db2bc,9ea6533b-c5c8-401a-9ddc-7b2b24c3a990
ede58007-fc59-4bd4-85fc-e8fce129c938,a72cef2b-dead-465b-b85b-a338cdbb28c1
84f71256-d3aa-4223-ad28-8230f7c81b2c,5b3fe431-4f55-45e3-b87e-d71cc00415a4
9acc80d2-fd43-44fc-82fe-5c71be542247,7ee44c1f-dc71-4452-8e04-13669c39b655
1ce81839-7d38-4c88-8030-aba8e75d5866,5223bc45-b236-492b-8dba-a8ce1b5c4779
1336f037-cc84-4b12-83f5-fd8bff3bc8f0,3bf72890-d9ab-4e51-bb25-2a64ff9903b3
1c5328e8-aed7-474b-b4df-1bbd92f70a80,298ee121-db14-42c7-b394-5a6955bb7bac
44804e8c-0f04-4386-b1a2-dac84b9aa9f6,621a8d96-b887-442d-b371-33ed019b19c6
b825c73f-312b-4c23-9f62-4086170b01fa,2425c7f6-6d37-461d-98ca-2ff4b61edf3c
b745f72f-8753-4027-813c-81f10a333033,dfdee050-ce24-489b-bc96-b77ba2bf6199
1e03ddb2-8a81-4ce0-a214-cc7f57be76e5,621d0a94-d03c-441c-aedf-ce3b09fd856e
f52f3e0d-2c0c-4f38-a0ac-c594d767402d,551f9963-cbf0-46e7-be32-ee15aae153e5
c8fefa30-17eb-4b88-8b2b-0e602989bcad,28317d1b-5751-4f90-a235-84d67102f4c0
77c0923d-635f-4086-8322-cf8711ade06f,b955261b-27ac-4388-875b-b2924d6be28f
952aa43a-ca72-485c-a977-ef9cab319e51,a6f9a411-6673-47f3-a46c-6e5268f3a649
0eab53ec-b135-4d90-935a-d6fc10f9c219,09b1c67f-c268-4caf-85c5-6ddc93bb43f9
86f68c3b-91a6-4e0b-87b3-158cebf0966a,eca50612-de30-48a5-91a6-1922938de460
044a346b-afbd-41e5-8a89-d17a85d1193e,ff5d1227-0b7f-4779-978b-a098c62e6d21
70189b42-ba55-4e1c-ae3c-8b355562c656,3ad05b5d-7327-4e1b-8f42-3850d0c5ae54
6d3d60e3-a203-4b24-afb4-569cd8e8a127,ea2b97a3-78a7-4f64-a718-3146676bed55
4fac121b-4953-46dc-90ba-4167329db911,10e4d136-fde4-43c3-b175-4530764eda6a
75ee0876-1bb7-40f5-8b7c-821d1f87b4c7,c75760e1-14e1-4130-9b41-5a84e396b628
b27f2a85-832e-4648-a0dd-c35b270b35bc,ee79700d-9229-4719-b5f2-98819df2b91b
d735d9d2-d5b2-4418-80be-d0e845aa9b37,3e384c91-5de3-4e6d-836c-2eb22c662fd8
1742af71-6d64-4d90-9b05-abc547fafc0b,091b2852-05ee-495b-b950-42c46a017933
8a5013d2-5049-43b2-829b-dfc9c62251c4,e9337daf-a3c5-4119-af0e-aa693dd2ef9b
597bb87d-eda1-4563-9897-a723971aaef3,12df5500-0d13-420f-aaae-f35a97745735
ce493994-ed9b-4c1b-b908-a028fa310d7a,749acab0-0a2e-42a5-ba28-5b5ee35781fb
f3898122-34b1-4e45-975d-f6c0cee5daf4,2cdff961-d81e-47a5-8134-709482dcb3a6
2049ce7b-f756-4eab-8ee1-b4b419b89096,a2c8fbcb-c09b-43f5-b88d-de55e7fd66cb
529a24fb-939e-476c-95dc-611a079969e8,640c9726-3426-48ad-bc92-e89fd5184082
d0db5407-1e2b-41e8-93cd-84824139137e,3f7ffcd4-e5ef-4d45-a22c-1922652ab29f
6e38c00f-b7cb-4013-9508-fec5a0eafbae,be36ad9c-13d7-4197-b61e-f76dde40e654
3e072703-90e2-41ac-973a-0a6ee2b9ac2c,983885d8-c142-4e60-8108-690ac38af3c2
1d075bca-91bc-49c4-9fd4-5192ee747a74,4bf3ba9c-592c-4fc4-8301-29c1a7e7e95a
a95c7159-c044-46d1-b370-515103181e27,d7fc059b-4635-47d9-946e-22f2cb1dbc63
87b93dfc-0c15-4f41-ae8a-c0e48f698273,4319a74a-ed54-4b6c-bcb0-0e44a1b35b77
87c6f1e2-fe44-48b1-8804-03d999a12e6e,f6093d00-63f2-427e-b7d9-3d87f808f7f7
9709cd58-a301-4bb1-8322-6b221c9f735c,b45995fe-423f-4f35-9220-6c8f20cf1f56
186b476c-4d5d-4a8d-b90a-a676f17fb3c6,cc36ac4c-5678-4c0b-a424-5763b031af7b
182ee2c4-83c1-4ea6-bb4a-4a1ea5ba4c00,cb33c764-a269-4614-b84a-94c37e3cf964
4f2a5fbf-f5c4-4755-833a-56f00b40a961,bd04b92d-1719-49b4-af74-a97e49c34be9
4ba21ad3-7367-4a1f-b0eb-bc390da54bd6,d3e2dce9-fa75-4e38-af99-c754cf7371c3
4f42e576-3886-41f5-a508-d0255f7f54f7,127b5be5-fe65-41d2-ac15-5307341c47d0
e458bf54-99e0-45a6-9120-d59116d0b4e6,91797bbb-a6e2-4bc7-b340-055f455176c6
dcef7dc0-b1c3-4dc4-be26-faef77f7e1df,3a4660a1-63c9-41cc-876b-b04f7e4074cb
16418dfc-7f26-4a62-accf-d1d066489c1e,211de685-01fc-4fe8-8b26-436f524c24a9
c253be53-1081-4724-a0ac-ee65d7c987f0,a78a51bc-76a8-43f7-9efa-fc62a2ca967e
15ae58f8-f73a-430a-8e9a-2e44e5fcc0d4,dea355ed-e35e-41bb-b7b7-efa4363df76b
5dc69877-0233-49b9-ad91-8ac0abd5221d,c4178765-9167-41e2-93d3-c0b9784bbe70
63afb5a9-09fe-4dd6-b42b-9234ee704ccb,0daa5785-b977-4b89-a21e-63c3361301f0
47cbd645-0737-4d9f-bc3c-dc1b38dfcc13,9446bf04-4582-49eb-81d2-8a6a4f6e8f01
c9ad89c0-cbed-47fd-b0f5-76be0d2fe7ba,5f2abb55-b4bb-4b3d-b6df-3827d64a113b
09e91b24-00e3-44ef-8f5c-2eecd75238b7,8602648f-e608-4f3e-8289-1cfe8c83f989
8c7f43cb-6ae2-48ae-bced-2a58b3f97980,531e7551-836d-4e81-9fa5-61b6d86c9b18
d8e6270a-29d4-4543-bb98-fa7420a3e9af,1596e092-a8fc-446d-a07b-1e2cc1bd4f65
56ad990d-4f26-40f2-bebf-a8481e149169,a0d29028-39bf-4298-a00b-c38b1fe7380d
7ad5b7e7-22ea-4e56-ac76-76c54f9be428,f01b70eb-67c0-4833-bfb3-88ac8fa2ca66
b6653db3-5067-4fd3-b467-5562581cd2a3,cff8aaf4-006b-4409-bd58-4dd00e7fb02a
be6a4c11-6f97-475c-a160-d8ccf0aa1bd4,9bfbb8b2-6982-4086-b7cf-3ca22752d34c
20e21733-63a9-4799-bb93-02fb82c56d8b,e715a1a9-a6bb-48e2-b22a-9ddc0bf7124e
d7806d5b-e172-4658-a619-32c40068cf2e,ac032e1f-90aa-41db-be48-007a58b0232a
accf34ef-85a5-47d9-b87d-8a41d04b2753,e19ff614-90a4-41df-b027-43d4c47fbd93
832252d4-83b2-45b2-8de6-9c9a52df217a,674a714b-79e2-419c-8986-17d275f20c25
ad1f870a-cd82-4849-b744-8440e9cc3044,7d5dd667-529d-4202-86d3-3df934859e34
650b45f9-37bc-4c36-9842-d358339a0a96,cb276f01-4b46-44c8-a55d-01288fd79f95
5837265c-7fa4-4437-8f52-6e75fec927e6,5ea6c909-d1d6-4c52-96c9-0eb823cf2d0a
f0cbf259-01e8-4476-ac3c-9e9c106f8b52,efd8d951-4b19-442c-ba15-7ae930846a81
0b6021b8-f49c-4c74-a26b-a4d656bb6182,42a98272-c5f6-4d48-a636-bdebec18e44c
a2e691dc-3060-4bfe-9d5a-c6054144d7a2,401a10ae-d471-4b36-8b7c-04205cecba93
5c551ef8-40ba-4201-9c4e-e6168029932f,86038bc9-a725-4c0c-9a26-0069cffb40f4
f95a0714-a599-4afe-ab95-b7d0742b7a0c,0e5a8f25-47f7-4dda-8ba6-6b4741acfd65
acb15833-b21f-44ea-bf24-7a44672813ed,126288ca-8364-4234-abe7-8f7642dfd6fd
7dedc418-d438-4328-b93f-5ec3dc63d37d,34bffc24-90f3-435f-8568-8f8f2a7ebc8a
c1207271-4b84-4f2f-9d6e-735f6e874b9e,3f986451-8b80-4dc1-91f1-4b5bdb53b580
1020cc8c-e158-4adf-a911-6fd6fe704356,e73bec6a-8afb-4ede-80f4-90791f6aa3ba
4809d140-6935-498d-885e-fb548ae13701,ca23d0ba-71b9-4c10-aee8-09f614e48a92
92e996d9-3e53-424b-8dec-2f17bc425996,c1f1e748-8cfa-4b90-a738-65577971dd7a
e9b8b9d0-6802-475b-8770-d5c9615f96dc,20379565-97e1-4bce-ac2f-685958bcd89b
e01ee7af-a162-4a66-9faf-1c269f97378d,b8bd0f7f-9437-4750-a248-425121168c26
2bc4d252-fd53-4b22-acdb-72a4bb4a6342,165b71c9-58f8-4241-bcc6-6494b065f574
bd5f9fec-e47a-4f4e-b2d3-0ee83815c260,e68f48ba-cedb-4b55-af5d-012cb5849720
3b4bc5de-67fc-449c-9b30-f9277e52bbde,6f1f9e38-c0a5-4333-8a7d-c5ee1e1fc42d
6602ec4e-6f29-414d-bcf6-3a24cc30469d,a1398ad0-0f7f-45c0-a462-6ab5c60e01a7
bbe16e53-d8d1-4521-aa7a-37be28a734eb,909ef4c5-ad3b-45af-a123-91c048b20c78
9ec76599-d821-46be-9409-3072cc72ce7b,8358f901-54f0-45e1-bda8-d8655519930d
5e1b0f13-379f-4c72-af93-a5ccbc900526,f119c9f9-3f36-4e84-b3c4-e450f993eeef
0f32d87d-ae61-49f7-b7b7-84f76c4a9bfc,353f4de5-e759-4c21-8e91-9aaa4ed06775
7e5e1309-c5ad-4984-af27-1ae5cd50cb4d,f3423e96-cf72-488f-9867-5dfc3ddfaa2d
d531d465-711f-4b2f-b1d2-453cf493778a,3524b72b-fe59-406c-8169-8bd5204b800d
e8fc5122-d603-4408-a6d7-3bc065a40f90,0e45d33f-2b9d-48c3-a3c0-5bf2b9beb588
b5ce4fe9-0d40-46ee-8f94-038086d36e52,248e5599-547d-4814-adb6-7553b43ef1c2
72e47e98-72ee-4a91-914f-00e05c10c094,19d13301-9321-416c-ad5f-6840d2bdc7fa
fbf36bc5-5e3d-4af7-a87a-9a94be2570e3,3eb07d9a-6fb8-4129-8afa-190beee2e91c
3adf8cf1-e320-40aa-af24-89356791ddb1,0618bb2f-0c7e-4b6f-9933-380159f14947
8a594dcb-9212-4361-ab98-4b836ce2b54c,c9b9ac12-764d-45fd-96e6-0d0b28344fb5
37393a15-a250-41a4-b70d-7d297e2a5f8f,ad092b7d-cbb9-4f62-89e9-3ac44044f601
811f5e4e-f186-4bb2-ae2e-f5a4a356f908,607a3e81-ebe0-44c0-8e1a-5d0fce86ea2f
412b4cfd-70cd-4600-8fee-9981e930b3ed,2bb201b1-64ec-450d-a7bc-94a05acb25fd
d918ea89-9496-44c7-bad2-2eb7d17d7df4,704c8680-c5bf-4a57-95f2-732727aa0e3a
f2c39567-41bd-4226-ab6f-43b577b10405,086cb627-38e9-44bb-8eef-b2cbae29c97e
b5b0e850-32f7-4773-baeb-6045279aba7e,e5398f9d-6ffe-480f-85ab-7955e59ecb43
6de00580-2ee3-4adf-b21f-4593d6dbf1e4,06859c72-0486-44a6-acb2-e7841bb36632
24f0e39d-1fb5-4484-a2dd-41e60fd3e325,867183e9-6e74-4376-af3a-6db4b119edf3
7426da69-e94b-4aa5-a17e-4b21c184a6d8,99bfccba-1fdf-42ba-bd83-9910742dc807
d95fbdcc-b674-45f3-9173-7d224abdc7ff,cf7dbbfa-5423-466d-a700-c724a7e82b4c
05a13937-1826-4144-9294-535c6d2892a6,12810c69-3f28-40e6-a74f-280af4e58b1b
e087338d-1208-4c94-8dba-75bb66b4efa9,8a97ddd7-aba9-414c-90f3-4ffee6ba80ef
1f9c506d-1570-4d75-811c-b7827e79eb27,eb4df948-6d83-4d2f-b2f0-9b0981433193
dd8efac8-9727-494e-8f67-8a0141e8324e,8229477a-f0b7-4b87-b887-86e1ec66fce6
fbf81b71-8438-4cc7-9ec8-e2522f8fc0a5,93631bb7-803d-4c04-a879-389f03249772
bdf3c4fa-113c-4c70-b81d-6fe54766ad84,1187b1a9-92a9-43ff-8487-d86ed73ddd8f
be2555a0-df58-48d1-9306-8a5614c1e53a,06b9d743-1ae8-41da-a29b-5e40b7068cc4
44a4efaf-4f01-4812-a8da-bdc5a17eec19,9f57998b-70dc-4a0e-955f-1f6ffbe0dd43
debdbb78-06e1-421b-8eaa-1c441d382176,9cf3117c-4b04-47f0-976f-ac4b943021b8
5ce77c1b-f9ff-46dd-a64e-4392a240461e,7ba256ff-8378-4700-b582-5aeb20f6d111
761e6571-c046-419c-ae3b-da24b22c4d97,fe0da6f5-c303-4d52-91cc-c2fb9cdda25e
6afc394f-2ebf-43e9-bc02-cb1e3625ec03,0bcf1652-0548-4737-9a85-d5a45e2f23b8
7cc1aa6d-a827-478e-a7e7-58fc7b8679dc,00c4adce-faf7-4df7-9cda-4be7e9315a7a
eafe1c98-d1ca-40ac-a899-c00c14668fb9,bd19cc5e-3d65-4abf-bc65-30558feff391
ef619870-4c25-42ce-a590-1547d55d6b1f,47a622eb-5485-4ab8-b4f6-634d5da83b63
54634e41-0daa-4c89-bd5d-947b340fde56,3af35ed9-93f4-4e53-966c-c4281dbb1c00
2ced78be-52ce-4df2-b3e0-c9639296e83b,3fe2643a-1169-40e3-a12b-19f02b9aef8c
b3019d2c-e8d4-42a2-8046-21e9229ccd39,0195c64b-649e-41aa-bc40-ee6af966663a
75e4977e-bc63-433e-9591-54b0f1fa4efe,a56a91b8-7eea-46ba-b3ea-bff0a0d9b371
00d64ec4-a4bf-43d1-8085-39119f1748c3,e0a5292c-fa78-4634-ac78-6ea323823a2c
1f8cc241-5424-404f-9bc8-97538b660f17,03ad629e-28d2-48e5-90cc-f59b360926d0
a6608bb4-bc7a-4e4a-8f37-de33f6d1b421,cb5fb955-0f09-4f18-972d-14eacf5430a6
42d57f96-971d-4533-9d31-ca4c432cca3c,dc64d480-46fb-4faa-b1a8-1b32963aa73c
c039f5e3-d719-4a0b-a688-2e7ca63b29c3,0d112048-ce9d-4f02-8f1d-df17d7e5e974
b50bd711-f67b-4dd7-a60a-7071ad019df3,e8463d4f-3b94-42c9-8f96-001c7c46c4a0
feffe20f-19b8-4058-8edb-be6619aa8a22,aa9c1c53-c861-4e21-9e06-3564f486fa55
623ff7dc-0f4c-41ba-90ef-eba2c473105d,40d3cdc5-7755-4b66-83d8-e5c337be06f1
15218b5d-ec2b-4300-91ce-4f262b75c309,897198b3-3f22-4f5d-a0c6-2dcd22fbe656
dd0a4412-f012-42d9-bc93-945947449fd6,272ed977-a3f8-485a-b877-2f372a4486fb
73d53826-99c1-4a61-b7f7-040677048f3e,93830dcf-0ffa-4e14-8a51-60c63c678b48
d16212f2-11ae-40e4-8d00-da9a3d01f3ec,7ab4a816-4eea-4d72-bef1-65b9d5ccdd65
0f18ebce-1d5c-4d3a-a327-3b4f229e231d,d234a714-995a-4fa3-821c-60950e67736e
4aa4beb1-02cb-4559-9db8-a0b7c5583d2b,b7ea25e8-04ed-4797-b70b-1ba9bd3d0762
d26bebea-3d90-4329-8e60-cec0c0d7e799,b640632f-99bb-404d-8ca7-240acb183f10
ad2f2833-a146-46fc-bcf0-8723ceccd86a,93cd13a7-b613-4b82-af17-bffc47c82fd9
1d331dc0-a8ae-49b3-832a-03d23238352d,cef29770-4f70-4da0-978c-19092d4197f0
d61ba6fd-61a2-4c08-8d38-d93483a36680,16281ea9-87ef-4320-a538-1cc7cfafcb9c
8eb465a7-0c4e-4ec4-859f-183aba972067,7a8a24b8-afd5-471e-a3e9-2b42d9799fde
28168019-274c-43f8-8e94-a22c72fc9cb1,2b9c4b02-b5a0-4f81-97b7-bb720d6d3ec8
bbb75bfc-4731-493f-8ec6-8661bedccdc9,5a1a5f06-82a7-4822-b7ce-67cba7adfc7d
ed176f78-9bd0-4b5a-aa36-d6a844885a2e,d127f008-cf93-41cf-a529-61aac95ee609
2da3e875-8dd1-4165-bd6e-dc339a565063,b1e4e812-d845-4135-b223-ca54358157ca
34d013ee-6a6e-4ab1-99d2-ff475db51b3c,7fef5807-413c-4fc9-bf86-e7b0ac7770a3
a053e7e9-fd83-4979-8d5c-23dc0020c61f,b3b7cf98-4879-46d4-863f-5300cff2b8ba
b2746091-d265-40ed-af7a-f13354354dfd,24d8a6ac-248e-4383-9da7-3cef10025c4f
e9215d98-a244-4162-acfb-3527cd1b30db,bb2f7bba-fdf3-4c34-8922-50a38a3a1dd1
f6151309-94bc-4233-8ff2-da7506a539d2,c3c02c87-fd5b-4742-a908-a4f8a31b5c0c
