089b5bd9-0e2b-4570-9f4b-68c39e7dc98b,57eaf6e7-7cb5-42c4-9adf-52fcbdf1855c
5166ff18-0f53-4f38-9f83-3d548b1ce6c8,33cdb982-e4f3-4f28-91cc-f2ffb7e1d85d
cd45bf5c-12c0-48f7-97cf-04efd109e329,74674282-2f04-48f0-97d9-002ab065ae1e
b0f172cd-37eb-4635-93af-377d20031750,f41655a1-db7d-4d1a-b4bf-f00eaf6c39e1
541d32aa-f783-463e-af2e-6eb7f4398da0,539b70c8-671e-44c9-a4b0-c48f4e074e0b
46caa90e-ff5f-4793-93ab-859e46a4678a,0f3e5fff-92a2-4d98-aa83-c0c8815ae8e4
69864f7a-1bb3-49c0-80e6-fed38e675ed9,be79615a-6f05-4fc3-b058-d1e32e67ceb2
cc350184-b8bf-4d72-8275-f3d84fc608b4,465030f5-7eb9-49cf-9d6b-5afae300f55c
73d75536-2ed6-404d-8ffc-32058b65b0f3,3605ad51-088e-4bef-9f4b-4e5c333df8d0
2ee806dc-6793-4d80-adb6-b09a7280d07b,bf536e4f-05ee-40de-8c08-f38c4f37cdf3
bd01e573-473c-46bc-9733-3b4eaf54418a,ffab2ed9-fb11-4a5b-bafe-db5651e88632
44901550-151f-4060-87bf-cf18adc07bb0,7ec384c6-2833-4ea2-8697-1ca7621a5e24
a3a879f8-37cd-4e1d-8525-967c5bf51c86,3784b07b-8d58-43fb-94b9-bf263de538bb
1346e665-60cc-43fb-9e50-81ab16ae9d9a,dfc9adbc-50c5-4245-8b4b-c9ed1bbc6082
a8142d74-506c-4f07-82b9-0cfb35ddf364,a50ca271-e636-432d-93f7-35b59fb61967
5b4808be-d67e-4a31-8945-3a2449445d64,c36dbed3-911c-4221-b620-5cec22ed8e40
65419685-9541-4b19-9a84-9ea7a467394e,ed91b118-bd0b-4cdd-a19c-58477dd8a1e8
addc5ba2-f18b-4edc-8b9f-c1c0c4157375,1bba1ab8-d4c2-4e5a-bbdd-9cb32290cb79
68d76cdb-c2a8-4bcf-ac3a-119f38df4dca,d1b6a948-a996-4d41-baab-966692dc0a61
b9381d0e-a7e4-4913-bcca-550e5849bd2a,e04f8a0e-803e-4c45-84fd-78b154ff335c
5fe78ceb-e879-48f3-8b78-384754ed4769,300386c3-f585-4446-a56a-e142b1c4aacf
752d1ba5-cb9b-4f06-8db8-a24f94f9be64,ab6ecfc8-6cf6-443c-bac8-5dfdac02534a
2974591a-6674-4d82-8412-32864a713668,905f480c-706c-4db8-bee3-f0b51b080680
2eb3d06c-dde1-4666-920e-cf3a0c42f7b5,090caf92-ce3c-41a5-a08f-ea9a48370417
5a6a6504-6f0e-4e51-a86a-49bf0a6faea0,4e52da89-2002-4ea0-a8e2-f67135762cd3
275dadff-4605-41d1-babf-c16097a4fb37,b8dbab56-5d28-43f8-8600-2d517dd17b06
00094dab-45fd-4f49-b2b1-84cbf7c70531,8facd25f-414c-4949-a314-ed8d830c21af
ab330f10-809b-4a4e-8c3e-ba8c79e40dbd,0da702cf-3c90-4ed0-abe1-2f0f7fafd775
7be808ec-de6d-4379-8cf6-2747d7780fd7,c499cc7f-2b72-456c-ad7e-d3ab8f28ae40
15724120-99e8-4e36-aca8-027caafaf10e,1c7018ce-1a74-4716-becb-09f3b3ffd806
527b7ddf-d053-452e-956b-cde6deeb7520,34d4b3e5-606a-4760-972d-c339c60c6287
2f53007b-34b0-43a6-a7f8-9fd8bdbdf849,30cfcfae-0894-41b5-8e6a-88d107aa3034
5cbfa737-8405-42f8-8540-f04b557bbe25,158f7712-0c56-4dd1-a282-28591814420d
fa08331e-7fb2-48ac-ae59-3722d830fedd,b2401eee-503b-4583-89b8-734dc10285fc
332a89df-4c8e-441d-a6f0-b538c0c08d24,92db884d-30ba-4625-919e-116fc7ccddb2
76f641c0-85b0-442a-a5aa-924788370127,a7e4b41b-051f-4ea9-b1a1-a39eb68ccf9f
2b293067-f64e-4d08-9a3c-5f51332673b9,01cc6f22-7bd1-425c-a6d3-411c2b49dca4
7352a875-9206-43dc-9a14-ba9aa6f93375,38664e8f-9869-45fa-a8f2-9fd864013a02
572bf241-eac2-457d-b85c-dfa48484d436,ad1f741e-7504-4fa5-9da7-5db5a288f21c
162a9bbf-acac-4fe4-ab3e-8f38f3802686,f95e70e5-3893-4e41-96a9-1925eefb29ae
a13ac72b-a5bd-4816-b076-9c1ab67ea18c,d788197a-074d-4fb0-ace6-f45c0ecb390d
4b6f9275-38fd-49b0-9046-e6b43ebc491e,09f318c3-bcb1-4981-833f-a3beb0af45d1
eb0a50da-bf6e-4e72-8f85-943e744eab3e,ee5ee186-f40c-4744-abc6-180aa0da8d9b
0cf62f8f-3524-4fb2-8c75-0b84bc9c785e,9442db4d-087e-4a83-824f-1d9f63b1f0cf
87257c6b-f4c0-45d7-b731-0a911faf2af9,acaad0e7-3077-42bc-aab9-f27abec8b790
8dce6fe9-755a-4940-acc3-ffc96e32a706,bbace9ca-0271-4859-96e0-ae6d9fb53318
32fbe82e-95b0-4f08-b632-72ff41eb476c,743ea079-6a65-4d6e-a05a-4e87de812684
182ac709-4784-4900-8001-b38c7f7867c3,1815910a-3c58-464e-b76a-3c00c6313052
5c9dccb6-74b7-47a1-a49c-4e157bf7625e,630b3ab4-65a9-435f-830b-7073411fadf9
c8d93ccf-1f36-49e2-ab3c-e38a3a9c82ec,423e23f1-9653-4fbd-b749-9782aa032ef1
02cbef2d-d7a8-4581-a266-082a48f13180,eacc796c-6bed-4280-8986-a7134950343c
9fec23c3-c990-438d-926f-98ce419265b4,348d6254-a684-450c-bdb8-13722ed4708f
37ef15bc-8cc8-4d75-889e-2680040d71f9,a5f30af7-45a4-452f-bbb0-663a1ce75ac5
bf27a4d5-3d1e-4421-a87f-bf675cf98e80,53927a9f-8e88-4c5d-b1b1-428da953f171
69bfc100-bc0c-4aac-937e-ed2aa5d4e82f,32ce73b9-f7ad-4b45-963f-9fc641872282
088aed10-b1b3-4f66-9c9b-2e3e2421df35,4ad4f524-5db1-4e4c-b896-ae0797d2794d
85876a0b-41f5-4fd5-bcfc-f4ed4195807a,6a388702-517b-4d18-a524-a9d030400709
de3c67d6-f86a-4edd-ac15-3ca6637a3dfb,8f2d5a7f-b618-42a7-a5cf-57e45acf67f7
d707ae5d-7b62-4802-b0dc-13312a1d5c80,7def7848-7548-46bc-b317-b91c85954c1a
102d9aa8-2223-484f-8fff-88f732fac47d,7e317d57-4e5a-4ea1-ab34-88908c1f347c
17e53536-9276-48a4-b076-29662e594458,10f7eb0c-3de0-4157-a827-9129bbc6ed4e
c4333bc8-2fe1-4bf9-b454-126018d5cb47,e27a9dd1-ef60-4851-a147-37a5bc3cc61a
b1dabee2-4d85-4fd2-9044-657735fd6986,3b92a7b0-dc48-46c9-a82e-0958616e6693
dd9d698f-1f7b-4ca9-9370-8430a79cb281,4a829223-5569-4033-b848-4e88f13c47b5
38f18daf-d8d4-4615-966c-91e05e47eb07,e4991ff1-e327-44e0-bb30-2a687b9220c0
2648b71f-7995-4efd-b2ab-0f043a4e8674,0cea218c-0c87-4a87-9a35-6714cdfe8664
d4954762-d8ee-49c9-bd48-f5cf79baf466,267ab660-3d86-48fd-802e-d77f7900eed9
d03b33e9-91ea-43c4-a4f8-cc644342a727,86924d52-1ce2-48c3-beef-bd0c67dac7a5
dd8f74c0-38be-43fe-b496-14abc77eddcd,66e24b7b-37f8-407e-b144-ffa4424b7f56
cb523aea-194e-4ba0-93f5-05c6bb6c802a,8db9312c-a12c-4e0b-a933-afbb709348d8
eac938a2-9375-48be-ab1b-703048564fca,bd56b343-2b7d-40e8-9994-840b53649161
a0c08ed0-df80-43db-970e-e001cbbe44d4,f00d04c3-8dd8-4cc9-b78f-ac7df972f0dc
eb9ebff1-6625-46e1-9d3e-3a5f0a67ea64,55909bf1-670b-407a-a67e-5a69a98c0450
a8e5b4ac-0163-4568-9401-d0032f6e895b,48a05246-b0e8-4f32-b0eb-12b9b610ca19
65c12b24-abf2-4ceb-a375-8ce41add1c0e,f9dd4093-8c54-4b2d-800e-03e9bf680882
9170b1c9-3d21-45eb-9db8-a033da2bc22c,21fbd354-f7a1-48e6-8cb4-755c95bc1a30
5f0f623a-2061-4ce0-8bae-2c4bbe1be73c,32068e62-eec9-4748-9a3f-284bfeab0469
b24a4625-8c94-45bf-824d-2856fff416e3,d6d24ea2-9dbf-44ff-af3d-0db708826c62
f3913b07-7b41-47f1-befa-40f060a421ce,942fb173-55ef-4bfe-b040-e7e59853dd24
64e76596-05bf-43a0-be1e-3874c62a2916,91754475-e02d-4f0e-868b-a0bd3edc01cc
5d94346a-3c01-4180-84bd-0f857f6f7395,a012b22a-19c6-40a8-ba3d-4cf46e09d5ad
719976f3-8b1e-404e-960c-893f0ee7147d,dc5cbfac-e456-4f1c-a748-ca226b9e7b39
f5b4e7cf-326b-4e72-bbb0-81c32e5673a2,11ee7755-da00-456a-849d-2d91725732ce
bf7e3103-dbf7-43d4-80d1-300b35e7fddf,51dd589a-7385-4fcc-a1ac-115311299267
81039b50-3b68-4782-a6ef-df5dd1ac901b,d737162d-73c1-4c73-ae57-28f9d7c76548
1bd94a79-0a6a-4b95-b81b-c4741b8d54cc,f1beb540-fc34-418a-9078-55d6e9cc9d26
4c6c1348-e22a-4c10-b76b-8ea7366f52ab,dbab2752-80c7-4eae-900d-4a4ca18e59ac
78d7cc52-6225-4948-9bf1-7a9a4ec29141,5197c882-1fb0-4d7c-88a6-e4477dc5bdf5
fc27ca75-cacc-4d41-a27a-b88a782720f2,333f9e9d-0da6-4929-a8a8-865533bc2ac6
95868e5d-5eec-4f32-a379-52cf72bfcaf8,be225f8f-74a6-439c-ba4e-691d60a85504
26d6c0a6-05d6-480c-a3d8-a98408e4b80a,485c5c18-6df1-4297-8075-9b00ecf62a0e
b9913117-7c06-4c03-b3ac-83a05acc652e,59ad8f78-7f23-4072-a904-ebadce1217dc
2ae27b1f-eafd-4c7c-9123-b46570dbab41,27f9eb96-96d4-4a0d-8a2d-e8d8dd7e2a88
9ddd1c62-52d0-46dd-8bda-0226cfde4ad9,4920aed6-a999-41c2-ac19-ad355e955d1d
bd29d3f5-42eb-48da-88d7-0b9e2afcedf7,9ac11fee-0985-466f-b5e6-aecc079259de
068898c8-494c-40d1-9343-b3d36f753eab,ee8e03c3-332a-4fe8-b161-535b355c84d0
4f449713-26a2-4b61-bac8-2acb732aba59,4c193b84-e27c-499f-bbfb-9e6a4ed1271f
9bb1e1bd-efda-4670-88eb-a6a024f1e4d9,6a067626-133f-4296-b55b-219123591999
ea5fffa2-bd01-49eb-bcf3-0ec6c864d188,2d04829e-c9ae-4fbd-8a6a-c7b2f0e8bea2
858b6843-10de-4c57-ad67-c9474e616022,e10d64ac-4e70-4ef2-b4e1-fb0917efa208
