c870e355-3b09-40f8-9d18-b29693841c42,MWK,34af7906-2fbe-4f40-858f-15b32f3d73c9,c870e355-3b09-40f8-9d18-b29693841c42,c870e355-3b09-40f8-9d18-b29693841c42,2022-02-03 14:00:00 +02:00,2022-02-03 14:00:00 +02:00
c28f3f1f-099b-42de-bd60-8b4bc117a199,MWK,1e2b02fb-cde9-4a58-b702-7209522fd02a,c28f3f1f-099b-42de-bd60-8b4bc117a199,c28f3f1f-099b-42de-bd60-8b4bc117a199,2022-02-03 14:00:00 +02:00,2022-02-03 14:00:00 +02:00
75c34adc-5d75-407d-b31c-fe5d2bd8642b,MWK,44d8d253-ea14-4351-880b-f62bf4b23059,75c34adc-5d75-407d-b31c-fe5d2bd8642b,75c34adc-5d75-407d-b31c-fe5d2bd8642b,2022-02-03 14:00:00 +02:00,2022-02-03 14:00:00 +02:00
8d3606e4-d992-48d2-aa7c-9f62b6ecbd9e,MWK,95203319-df76-45be-82d4-b9b5507978a5,8d3606e4-d992-48d2-aa7c-9f62b6ecbd9e,8d3606e4-d992-48d2-aa7c-9f62b6ecbd9e,2022-02-03 14:00:00 +02:00,2022-02-03 14:00:00 +02:00
b13b0ae1-f8fe-4e23-8647-9d500896fb2a,MWK,40553f1b-b0b0-420b-88b8-06ea29221c90,b13b0ae1-f8fe-4e23-8647-9d500896fb2a,b13b0ae1-f8fe-4e23-8647-9d500896fb2a,2022-02-03 14:00:00 +02:00,2022-02-03 14:00:00 +02:00
39e71a98-970b-420f-bf05-5df41d413377,MWK,9ea6aa54-8d92-4c5f-b7ed-a3bff10bc675,39e71a98-970b-420f-bf05-5df41d413377,39e71a98-970b-420f-bf05-5df41d413377,2022-02-03 14:00:00 +02:00,2022-02-03 14:00:00 +02:00
5320fa88-b6f2-4563-b46c-05e38d165bc8,MWK,0a52247c-dd08-4ac0-b95c-2a22cf268bdf,5320fa88-b6f2-4563-b46c-05e38d165bc8,5320fa88-b6f2-4563-b46c-05e38d165bc8,2022-02-03 14:00:00 +02:00,2022-02-03 14:00:00 +02:00
082a0674-2bf2-4cb5-a8bd-2bbefe5b2d02,MWK,4d0ef717-c9eb-4b76-883e-d44e4ab4ef01,082a0674-2bf2-4cb5-a8bd-2bbefe5b2d02,082a0674-2bf2-4cb5-a8bd-2bbefe5b2d02,2022-02-03 14:00:00 +02:00,2022-02-03 14:00:00 +02:00
ae77d416-23a3-423d-b008-8cf9f095f66f,MWK,a5bb83de-2e90-4d1b-a11a-e12635eb744c,ae77d416-23a3-423d-b008-8cf9f095f66f,ae77d416-23a3-423d-b008-8cf9f095f66f,2022-02-03 14:00:00 +02:00,2022-02-03 14:00:00 +02:00
ee06d0b6-aa88-4392-86e4-7436387f8144,MWK,12cc39dd-48b8-4bd2-83ef-a7491f842eb4,ee06d0b6-aa88-4392-86e4-7436387f8144,ee06d0b6-aa88-4392-86e4-7436387f8144,2022-02-03 14:00:00 +02:00,2022-02-03 14:00:00 +02:00
