0e5e55cd-0524-4586-bc9b-126f84c7cf3b,����,c870e355-3b09-40f8-9d18-b29693841c42,false,c870e355-3b09-40f8-9d18-b29693841c42,c870e355-3b09-40f8-9d18-b29693841c42,2022-02-03 14:00:00 +02:00,2022-02-03 14:00:00 +02:00
26ff3b0f-0daa-41cc-907b-3904f7b37e48,����,c28f3f1f-099b-42de-bd60-8b4bc117a199,false,c28f3f1f-099b-42de-bd60-8b4bc117a199,c28f3f1f-099b-42de-bd60-8b4bc117a199,2022-02-03 14:00:00 +02:00,2022-02-03 14:00:00 +02:00
a1feef47-24a4-4f5f-b939-1d9788b06f9c,����,75c34adc-5d75-407d-b31c-fe5d2bd8642b,false,75c34adc-5d75-407d-b31c-fe5d2bd8642b,75c34adc-5d75-407d-b31c-fe5d2bd8642b,2022-02-03 14:00:00 +02:00,2022-02-03 14:00:00 +02:00
9f8cf617-78ea-40a4-9685-8a8f41db65c3,����,8d3606e4-d992-48d2-aa7c-9f62b6ecbd9e,false,8d3606e4-d992-48d2-aa7c-9f62b6ecbd9e,8d3606e4-d992-48d2-aa7c-9f62b6ecbd9e,2022-02-03 14:00:00 +02:00,2022-02-03 14:00:00 +02:00
e99009d9-e996-484e-8c57-28da9fdd2bc1,����,b13b0ae1-f8fe-4e23-8647-9d500896fb2a,false,b13b0ae1-f8fe-4e23-8647-9d500896fb2a,b13b0ae1-f8fe-4e23-8647-9d500896fb2a,2022-02-03 14:00:00 +02:00,2022-02-03 14:00:00 +02:00
c0e456b4-0d8c-4239-9356-a260c2851625,����,39e71a98-970b-420f-bf05-5df41d413377,false,39e71a98-970b-420f-bf05-5df41d413377,39e71a98-970b-420f-bf05-5df41d413377,2022-02-03 14:00:00 +02:00,2022-02-03 14:00:00 +02:00
0527dcb8-b685-485a-94b9-3cc401e19531,����,5320fa88-b6f2-4563-b46c-05e38d165bc8,false,5320fa88-b6f2-4563-b46c-05e38d165bc8,5320fa88-b6f2-4563-b46c-05e38d165bc8,2022-02-03 14:00:00 +02:00,2022-02-03 14:00:00 +02:00
decc08ec-5a75-4ad8-9262-d7d5546cce4f,����,082a0674-2bf2-4cb5-a8bd-2bbefe5b2d02,false,082a0674-2bf2-4cb5-a8bd-2bbefe5b2d02,082a0674-2bf2-4cb5-a8bd-2bbefe5b2d02,2022-02-03 14:00:00 +02:00,2022-02-03 14:00:00 +02:00
ca2b26ed-d8c9-453d-9c07-eaa3c1b847ea,����,ae77d416-23a3-423d-b008-8cf9f095f66f,false,ae77d416-23a3-423d-b008-8cf9f095f66f,ae77d416-23a3-423d-b008-8cf9f095f66f,2022-02-03 14:00:00 +02:00,2022-02-03 14:00:00 +02:00
4b055d16-dac6-4012-a8bd-63b698814340,����,ee06d0b6-aa88-4392-86e4-7436387f8144,false,ee06d0b6-aa88-4392-86e4-7436387f8144,ee06d0b6-aa88-4392-86e4-7436387f8144,2022-02-03 14:00:00 +02:00,2022-02-03 14:00:00 +02:00
