3b2ff05a-4874-4d14-b6f1-8706ed520e50,1000000,2f772824-7f8f-4c78-b384-d64131d40231,0cd7c7d3-b62b-4468-ac33-1ea6cd7f72e3,50000,2012-08-24 14:00:00 +02:00,SUCCEEDED,f611fdee-4f66-407e-a38d-d30e024e7445,d3dbf2bf-f976-4477-857e-ed6df0cae10c,3e8b871a-f6f6-4bfc-852c-35b553d8a1b1
cedf37c6-f214-4d89-81ca-b9d53ea9db14,1000000,dd70a50e-ab1c-47e8-bb93-52a567f1f1bf,b414fa98-30f9-460c-b9fa-ec21d6e9c819,50000,2012-08-24 14:00:00 +02:00,SUCCEEDED,7b6d01f9-5ab6-4437-b466-f43757ac29a7,c01ad024-c4d5-40b9-8732-355a424093cc,3e8b871a-f6f6-4bfc-852c-35b553d8a1b1
0ed7ae60-3bb0-42ae-8d73-f1a623ce4b44,1000000,685efcb5-9c9f-4eca-b717-ab1487ba3859,19b6b83d-8503-4df9-818a-86c932462a2a,50000,2012-08-24 14:00:00 +02:00,SUCCEEDED,2956dcea-68b7-474d-a012-f7a27e53da20,6f356726-3015-499d-8eaf-3178c342ce86,3e8b871a-f6f6-4bfc-852c-35b553d8a1b1
443b06c7-f0d9-4d64-9a1f-2315d66a3881,1000000,636a2d1a-3be9-43cd-87da-f01d95654b68,043c13f2-1e7c-4b65-b672-1d0416d805e2,50000,2012-08-24 14:00:00 +02:00,SUCCEEDED,3e224300-2ca1-466a-a8dc-3f3f12171429,72d8e690-5964-4de4-ab42-4bd344be0d24,3e8b871a-f6f6-4bfc-852c-35b553d8a1b1
868eb405-0dd4-49c3-94e8-b39d8e5ba41e,1000000,59032751-4a2b-4281-9651-8e771b7831c1,ca33b0af-4618-43b7-9338-8c8f9ef1ae18,50000,2012-08-24 14:00:00 +02:00,SUCCEEDED,0d2a2875-06cf-4cf1-aa55-992ab2222cb4,de4ec68c-9936-4fc4-9160-3f95649b0f8a,3e8b871a-f6f6-4bfc-852c-35b553d8a1b1
b766343e-18ce-4a6b-80b1-e3cab0a2751d,1000000,dcf35b31-1054-4c1c-8e92-08931745f445,292089ca-c8ad-48bc-b730-fe3d08d59e63,50000,2012-08-24 14:00:00 +02:00,SUCCEEDED,719097f2-8b5e-4fe3-83f7-5f49324af900,c99568f0-5549-4dc6-98d4-966fa16ecab4,3e8b871a-f6f6-4bfc-852c-35b553d8a1b1
c3194313-9e54-48b5-a127-395db989e040,1000000,a5fe363f-d1b4-463d-862b-885ab99af1ac,577a822d-3861-43ec-b2f3-ec0eb739bfb4,50000,2012-08-24 14:00:00 +02:00,SUCCEEDED,96ea327e-0d2e-45c3-a46c-46745b85e743,9bb514e9-78b1-4c03-8067-2e5c26b3f586,3e8b871a-f6f6-4bfc-852c-35b553d8a1b1
a82923d7-8b26-446d-b038-a001d2d06e0b,1000000,08275a57-2cdb-459b-85a9-e9ada1b28b7b,91c75b2b-fbf5-4129-aac2-e8e51d36d314,50000,2012-08-24 14:00:00 +02:00,SUCCEEDED,948df51f-8102-4a80-ae59-12f10484dfb0,ba51c422-0555-4c06-b944-99ec7761d63c,3e8b871a-f6f6-4bfc-852c-35b553d8a1b1
7959d297-eee2-4ca3-83b5-3b2b475e5c95,1000000,36b4b0a3-c963-4775-b47c-30e0fddbe17d,49bd2c1d-7beb-4397-ba81-f947abed24a0,50000,2012-08-24 14:00:00 +02:00,SUCCEEDED,b79315cb-2840-48fa-ba9b-bc095f22620a,06fddd52-7e0f-41d0-ae08-59d22c593d2b,3e8b871a-f6f6-4bfc-852c-35b553d8a1b1
30fbdd85-6b9b-471d-baa4-16d17e977741,1000000,51dcffa0-8169-4da0-b214-4fb5d536e30f,e7333817-1820-4f0d-b640-80599ac6d6a9,50000,2012-08-24 14:00:00 +02:00,SUCCEEDED,44e2dd3e-55d9-4b8a-93ed-f1519d1e7edf,61300299-e579-47f6-beb8-b868dbe2790d,3e8b871a-f6f6-4bfc-852c-35b553d8a1b1
b668bdf4-abf6-4c38-863b-3569c27ae82c,1000000,c498d0f6-ad16-45c4-8396-f689b8b83175,302ce02e-32e7-4462-9b2f-151d0a0c7130,50000,2012-08-24 14:00:00 +02:00,SUCCEEDED,ef73a10e-15cf-4a47-8592-6f3a8568ab51,0a3942ba-d096-45a1-a6e3-06e6bcfc9e21,3e8b871a-f6f6-4bfc-852c-35b553d8a1b1
4cf3150b-1e3c-4ef1-ae0b-8a9c659eef55,1000000,179d4617-2d12-46a9-8728-baded3432d69,7d05f12c-3daf-4c59-a588-901bec678a8d,50000,2012-08-24 14:00:00 +02:00,SUCCEEDED,0d0a2c7a-47e0-4b30-af8c-a9c79cfbacf0,0d14dd4e-3adb-4dc6-a8dc-deefba5f748e,3e8b871a-f6f6-4bfc-852c-35b553d8a1b1
71b04b07-4033-466b-94bd-b5c511ac6d50,1000000,1a92587f-4fa1-444b-aae9-3024b46d368c,63e2f86c-e63c-48f2-8f33-12e7ff5f685e,50000,2012-08-24 14:00:00 +02:00,SUCCEEDED,2796a226-657d-41e4-8bb0-70fba098b11a,e5c3b8d1-3cac-49b1-9637-103f5f9f0ed9,3e8b871a-f6f6-4bfc-852c-35b553d8a1b1
89b422e4-6948-4efb-9615-831ba6de76fd,1000000,6917a018-e4a9-435f-a761-2664bbcbb867,1615243e-5959-4c2f-9f3e-1ff617efe06e,50000,2012-08-24 14:00:00 +02:00,SUCCEEDED,095baa6d-7a0e-46f9-b271-4e1cd303cf76,4a974b6d-c339-444d-bab6-92427a260e31,3e8b871a-f6f6-4bfc-852c-35b553d8a1b1
d5c00fcb-9767-4aca-bf7a-0651df50063c,1000000,2897209e-c208-486c-97dc-ad3bec9971ab,4c74a398-27d9-4ad0-bb02-4aa5133d2d6e,50000,2012-08-24 14:00:00 +02:00,SUCCEEDED,1f5119a5-4bc2-455a-8a24-1769ecddf7c3,ffc8a869-367e-4ab3-9f45-59decaaddc5a,3e8b871a-f6f6-4bfc-852c-35b553d8a1b1
0f808330-cccd-4572-bf07-f7c4cc63c92c,1000000,2a93a02e-6e0a-4b52-9c69-03d6c9997eeb,b3ad9ce5-cd23-4104-9c14-69c7ead7f15e,50000,2012-08-24 14:00:00 +02:00,SUCCEEDED,2c8ef504-384d-4ea9-88ee-0080a504cf87,a360dfde-d0ef-4237-b6ae-24c0e6fabd55,3e8b871a-f6f6-4bfc-852c-35b553d8a1b1
fe9ab4a9-afb5-45a4-9850-68f54eeea31b,1000000,05d74a8a-eeb2-4533-b352-a4a6ff7ebf78,7d2ae830-4be0-40da-86e1-dc941c2e9b36,50000,2012-08-24 14:00:00 +02:00,SUCCEEDED,ca31bdff-ad24-446c-9acc-205eeb88da48,c91d3e9a-5287-4b62-956e-956932d32dcf,3e8b871a-f6f6-4bfc-852c-35b553d8a1b1
0f8787bb-16d1-4b34-ba84-3d2700cdf013,1000000,87bcf184-204a-471f-b6ac-12f32b889946,871d27e3-5ad4-4765-967a-35759c198452,50000,2012-08-24 14:00:00 +02:00,SUCCEEDED,1035c993-58a7-45a3-82e6-0fc24c63c51f,b51c018e-2ac8-4cf0-80d4-773a17d56a19,3e8b871a-f6f6-4bfc-852c-35b553d8a1b1
40f1eba4-9bd6-4488-bbd0-ac64a1344a61,1000000,34e68cc8-402b-4d24-ae28-942e17923dd0,68d681e9-4ddb-4caf-993f-abeabb1a96a6,50000,2012-08-24 14:00:00 +02:00,SUCCEEDED,9dc8e8b6-5e4a-422f-93f4-c58456bb1113,e3ef7356-8a9e-49b2-a4ed-2b5645f61d2f,3e8b871a-f6f6-4bfc-852c-35b553d8a1b1
80db9727-0635-4f0f-8176-b9fbaa1994a8,1000000,59efc00a-3a24-4db1-91ed-79ec6fa4de25,739f767b-74c1-4679-9593-a4eadea235f6,50000,2012-08-24 14:00:00 +02:00,SUCCEEDED,3c14951a-6b25-41f1-a150-6896816f3e3c,244dfc2b-8274-481e-81e8-ae1957c1e714,3e8b871a-f6f6-4bfc-852c-35b553d8a1b1
7c37fe95-e14d-4e94-8b66-cfe9cae83ba2,1000000,a15ef1f4-ff8f-4420-9aed-1dbce1a8d439,0b2e4db1-9235-4195-ba28-48b2c731f473,50000,2012-08-24 14:00:00 +02:00,SUCCEEDED,32908194-02c9-4a6d-8189-54fc03f0654d,c83f9aa2-c24a-4e88-b33c-c9561a756bae,3e8b871a-f6f6-4bfc-852c-35b553d8a1b1
e4a3ae12-36fc-4cbf-958a-df333a8247ab,1000000,aaf5b9e5-9cab-4cf6-998f-7699b53f98c7,202e0727-1e8b-456f-8a4d-0f5e0755ca27,50000,2012-08-24 14:00:00 +02:00,SUCCEEDED,7889beb1-3448-4b70-9c71-f2df6f8a1fb2,a377620f-3876-4e51-9f5a-13a4e6b0e53e,3e8b871a-f6f6-4bfc-852c-35b553d8a1b1
050b9fd4-dec2-47a0-8a1c-4315d87d418b,1000000,eba7b911-b4f5-4d68-a61f-b07d8e371531,1e782c94-0da2-4300-9d2b-cb787898552f,50000,2012-08-24 14:00:00 +02:00,SUCCEEDED,88e0865e-d446-4a1a-ad7d-016426022938,eeb4a0ec-43a6-4075-85e4-9aa676e9f934,3e8b871a-f6f6-4bfc-852c-35b553d8a1b1
cb2f8680-b927-42ba-aff5-cf90b219b57e,1000000,f88f0423-36cf-429b-a174-4da05efbf8ee,4169dbbf-92a0-40a2-ae5b-df8643c413f8,50000,2012-08-24 14:00:00 +02:00,SUCCEEDED,786c047a-d180-4eba-b614-64d94bddfe62,e4ade869-f9b1-46d1-b33d-2c7c85552bde,3e8b871a-f6f6-4bfc-852c-35b553d8a1b1
ca87dbbc-cf70-450a-87e7-70a191768053,1000000,23de48c5-c09f-458d-83ff-b25c37af5edd,c00eca3d-21b7-40db-ac6d-0c07f41a8298,50000,2012-08-24 14:00:00 +02:00,SUCCEEDED,6681c268-ab5a-466c-a764-dbbe8a37c4d4,f0503288-e43a-45a6-9bb6-df22eec6c1a7,3e8b871a-f6f6-4bfc-852c-35b553d8a1b1
9e578577-26e6-4450-b0cf-dcd42aa89855,1000000,301c8ae4-8116-4dbf-ab2b-6faf507953a6,47d6b556-776a-4e1b-8e23-d95994e8e188,50000,2012-08-24 14:00:00 +02:00,SUCCEEDED,a1f4e703-83ed-4f74-ab0e-56fd092f6399,f31baccf-dcf6-4d89-84b9-ac412b00fd91,3e8b871a-f6f6-4bfc-852c-35b553d8a1b1
ba38b457-52c4-4e41-ab5b-cc8deba1ed21,1000000,2238c219-6276-4209-b574-d037e00439ac,698ec23e-8c1f-4c98-9768-3f033b3696a0,50000,2012-08-24 14:00:00 +02:00,SUCCEEDED,88bccc27-29e7-42f9-9693-5f21a4001c0e,f84c584c-19d8-4ae1-9e0b-68a2dc7dc4d5,3e8b871a-f6f6-4bfc-852c-35b553d8a1b1
8b78c8e4-b1b5-47f6-8525-3a56e630d195,1000000,79d6fd48-fb8e-46ff-8b16-8a41308697fe,114cb72d-eb68-43cf-9f07-5c83d42be666,50000,2012-08-24 14:00:00 +02:00,SUCCEEDED,8026d349-ca96-4019-8d5e-2b828d16cbfe,ebc91c30-4a3e-42b0-a4fb-92b9c0cc4ca9,3e8b871a-f6f6-4bfc-852c-35b553d8a1b1
6c259ea2-457b-4dd5-b757-a1be0dbdc5ab,1000000,a40b5f75-c3d6-4775-9625-b15ec26b1505,87ef0f7c-afa9-4aec-b21b-343d2f83c6a3,50000,2012-08-24 14:00:00 +02:00,SUCCEEDED,b1677570-d286-413c-b308-ac3d57632384,9ff7e786-e959-4ae1-a6e1-a9cf923b6fa7,3e8b871a-f6f6-4bfc-852c-35b553d8a1b1
859ef51f-4d9d-4022-8c53-420e6cb66f51,1000000,9b21bd9b-6e95-4ff0-a785-2d2637449f3e,f40aa4db-2d5c-4075-a078-1dddeb4e0d0f,50000,2012-08-24 14:00:00 +02:00,SUCCEEDED,bd04a524-7d9d-4368-8185-39c98288ff3e,e67b5869-9f1b-4dc1-b4fc-80d783a7f58c,3e8b871a-f6f6-4bfc-852c-35b553d8a1b1
59b3571a-d55c-4d06-9896-355d37e7ff9f,1000000,88df10b6-425d-4f37-8fba-7067a49564f7,d7b711eb-3db5-4217-b18d-d040502258b5,50000,2012-08-24 14:00:00 +02:00,SUCCEEDED,6aa7939a-d2d7-45e3-959d-560a9c0b5222,e73f9c73-e83a-42cf-9b89-8e03bd7e5464,3e8b871a-f6f6-4bfc-852c-35b553d8a1b1
405eb663-1713-47d5-b012-185eb7ab2183,1000000,3b3146c1-af32-4e0d-a3a1-729ef5cdd36d,4bb8cbd2-735b-423f-801e-77eda2fe408d,50000,2012-08-24 14:00:00 +02:00,SUCCEEDED,4d90b927-efc2-4981-a89e-90fe194d7c1d,e5a5cd0c-eb9c-44b3-9953-d2bc1667ff81,3e8b871a-f6f6-4bfc-852c-35b553d8a1b1
8415e2ad-0a17-4c0b-bdad-80d405a1c2c1,1000000,997bc076-b2cc-4d90-a16c-24f95a5900ef,9d32fab6-98a7-420c-bd4f-950512b527b9,50000,2012-08-24 14:00:00 +02:00,SUCCEEDED,93177a77-3957-4513-aa63-4a599fd03f4d,50141058-f88e-4568-af0d-4332db4db8d0,3e8b871a-f6f6-4bfc-852c-35b553d8a1b1
7e3199e7-276f-4322-9151-62f5b5e0781f,1000000,cb64911a-04e9-42f5-b1a4-3f2b037a24b0,67ad9fc3-3c1a-4903-b11d-ca8d25e8bc92,50000,2012-08-24 14:00:00 +02:00,SUCCEEDED,133e67af-8714-4987-a775-17ba5bd07875,593aa38b-ddeb-47dd-8a0b-05d5c985e9cf,3e8b871a-f6f6-4bfc-852c-35b553d8a1b1
9fe9eb14-4cc5-4084-a90f-36bd6f6135fc,1000000,88a3d49b-5725-4837-a97a-c45c42fcd5f2,cd176d87-fccd-4940-8cba-b12af3303bca,50000,2012-08-24 14:00:00 +02:00,SUCCEEDED,3d6d5d3d-f032-4cf4-b6b4-ce859130f1d4,edb4b99b-0133-4065-9423-4c40e356b704,3e8b871a-f6f6-4bfc-852c-35b553d8a1b1
758487c4-5237-4a51-b82c-9bd6ccd25e0f,1000000,11338317-3cd8-4c40-9ea5-9e18fb3c0887,16541f7e-0851-46a5-91c4-d9a148cc7a47,50000,2012-08-24 14:00:00 +02:00,SUCCEEDED,9a1dd22e-cb53-4a68-ad33-62e9a6c6575b,b6a16662-9f02-4494-b5eb-952837e697d7,3e8b871a-f6f6-4bfc-852c-35b553d8a1b1
75585e42-0151-47c7-9135-3e4593d841e7,1000000,0ce43e27-137d-434d-9e20-a886b18e25c1,5804240f-dd43-4de8-946f-6947e1027d4e,50000,2012-08-24 14:00:00 +02:00,SUCCEEDED,e2c71290-4ac3-4863-ba35-fb7c30647661,9bb7463d-1ebe-4e0f-86cd-eadb6f1db673,3e8b871a-f6f6-4bfc-852c-35b553d8a1b1
6b2d06a8-f383-4adf-a0ad-50f5ee6a9313,1000000,b28f081a-9ca2-47a1-afb2-595dc06d0024,c80801a8-bb5e-4617-9a7f-66f03ee1c5d9,50000,2012-08-24 14:00:00 +02:00,SUCCEEDED,03dca1e7-e72d-4a47-864e-dba8b53516c6,935c9677-eeb0-4ed8-a166-5913d2ff5435,3e8b871a-f6f6-4bfc-852c-35b553d8a1b1
c578f4dc-5447-4b77-908c-74397299b01e,1000000,33a6aaf5-4cf2-4880-9fde-d3d068c00da8,d812139f-eadf-4cda-9cef-109385c0d694,50000,2012-08-24 14:00:00 +02:00,SUCCEEDED,4d41d01f-728c-4e12-8930-2252df07a777,d1f01f21-60b8-45d1-b0d4-b0311f18ccf4,3e8b871a-f6f6-4bfc-852c-35b553d8a1b1
e263274c-3bfd-403b-a9d3-8c33b53b6ea5,1000000,a5d1f274-8807-42dd-ba10-008c67cb7e1a,c4810bd1-3ee0-4090-9465-0c7b6e3665a1,50000,2012-08-24 14:00:00 +02:00,SUCCEEDED,d18a1d2d-6b84-4125-907b-6b73c2ca9fca,70ff72b4-0b37-401d-ad35-ecde722a7c83,3e8b871a-f6f6-4bfc-852c-35b553d8a1b1
e65785f1-d36d-4700-aa5a-98ac15c07c63,1000000,fa22f9da-412f-465d-9c43-e28e11cfccc0,6f155d35-5f8f-4000-82d8-390002598a9a,50000,2012-08-24 14:00:00 +02:00,SUCCEEDED,b665e74b-f91f-498a-946f-3053f36412ae,e0c6e017-73c8-452e-b887-f06955148445,3e8b871a-f6f6-4bfc-852c-35b553d8a1b1
31eeb82c-7947-4d9b-891b-e878fb515a09,1000000,5ebfe78d-43b2-4fbc-9e19-5b1fcacce207,04a3b5c6-e1c6-4ec7-8a74-ad347a3f07b1,50000,2012-08-24 14:00:00 +02:00,SUCCEEDED,913e2277-1c51-4bba-a182-bdfa6b20557f,96cc8651-610e-4a83-9108-06d9343f39e1,3e8b871a-f6f6-4bfc-852c-35b553d8a1b1
575d510d-9036-42cb-8664-b5552653320d,1000000,5fcc8f3b-d36d-4b6d-aef5-b1d988b02063,e77112af-6c4d-4dc4-a598-bf3e65f0beff,50000,2012-08-24 14:00:00 +02:00,SUCCEEDED,13b3c86b-0c6a-4725-b41c-af2094fe4320,33b9708c-5217-49e6-a4d1-17d50b7b6114,3e8b871a-f6f6-4bfc-852c-35b553d8a1b1
3f95a1e4-4daf-4f64-a58a-786973886afb,1000000,256b4775-48d4-474e-9a90-229870310336,ca2fc1a0-b817-47e6-8120-095ee42cd323,50000,2012-08-24 14:00:00 +02:00,SUCCEEDED,d3ac4da2-6858-4934-9a22-4c93f7bc0a62,260c2483-6522-4231-80b6-ad8d49d18632,3e8b871a-f6f6-4bfc-852c-35b553d8a1b1
c0f743e4-041e-4750-9339-b104cb41c6c9,1000000,1abbc287-1329-4d6f-a65e-813a9fd1c641,3ed66957-1b41-4345-8f4a-c1591875be7b,50000,2012-08-24 14:00:00 +02:00,SUCCEEDED,f0af4027-c11d-47c5-a555-eff91a4edf69,d9dcaf82-e796-4060-8197-f162cee6591b,3e8b871a-f6f6-4bfc-852c-35b553d8a1b1
17b1ae01-93a5-4d6d-9b55-4cbcb0302f95,1000000,46d6c2d5-da82-4c0f-969a-fe6687085a37,7dbcba76-c25c-43f6-bfd7-ef29eb9f886c,50000,2012-08-24 14:00:00 +02:00,SUCCEEDED,a58f78d3-c1cd-48eb-ba4d-eb22dbab5d41,8178cdc8-3cd8-4aae-b99c-7c2208f354b6,3e8b871a-f6f6-4bfc-852c-35b553d8a1b1
daac7265-b1fe-40ef-abed-a4f6d99e5e40,1000000,fc7f9224-886b-4cfc-80ef-2c2823112d76,99baa082-e6df-4766-af64-837c8805f0e8,50000,2012-08-24 14:00:00 +02:00,SUCCEEDED,3b2ecbd9-a88d-4294-9ae8-5dca9a675c33,482b7717-51e6-43f9-a469-4dcdb099e704,3e8b871a-f6f6-4bfc-852c-35b553d8a1b1
66f686bb-c834-4ee8-8305-23c2a1db3867,1000000,09be1641-dd3c-4697-a7f4-d88e395595ba,59552512-59a4-4579-9ff8-efff0917b37f,50000,2012-08-24 14:00:00 +02:00,SUCCEEDED,2d8d3422-7683-44e1-97b3-4831a65f414c,7525273a-e9af-43e8-be97-d92df6ed550a,3e8b871a-f6f6-4bfc-852c-35b553d8a1b1
9e2aaf25-f4ed-498b-a3f3-609c926014fa,1000000,3bb24be5-dac8-400c-a0a2-28e7d47ccf77,eb97983b-c676-4cc1-b1ca-6679f2f97df2,50000,2012-08-24 14:00:00 +02:00,SUCCEEDED,18fdc607-8308-4324-ab7f-f396c3857cd7,1bf2ea9c-9148-4c02-a251-c9db17940308,3e8b871a-f6f6-4bfc-852c-35b553d8a1b1
8a0b2a81-4194-4ac6-8a6e-aabdddf325b6,1000000,6f307797-e14d-4efc-9bb2-ea292b3d96a0,a4b0f7bf-a5e1-4417-b7a1-18967c664cf0,50000,2012-08-24 14:00:00 +02:00,SUCCEEDED,7b91d412-4d4d-4523-9afc-d26535590309,559c656d-b000-49a1-90fc-a35fa573985e,3e8b871a-f6f6-4bfc-852c-35b553d8a1b1