b5a97567-c653-482b-9817-bf086821ac82,6f94648a-f442-4f6c-96e3-72f00fe3d710,1000000,2f772824-7f8f-4c78-b384-d64131d40231,50000,2012-08-24 14:00:00 +02:00,SUCCEEDED,80e33872-8b68-4b92-84e5-d8b01fa0bd1f,8ff28181-a267-4c10-9dec-3a7d8e822c0c
c0b68f68-672a-4038-b305-b972c2a2fa8e,043bafb4-d707-4cca-a64a-305b042d94ca,1000000,dd70a50e-ab1c-47e8-bb93-52a567f1f1bf,50000,2012-08-24 14:00:00 +02:00,SUCCEEDED,77ad34d4-3c74-48d8-af54-019b0d15c6c9,dcc64d39-6d5d-4ce1-9f37-cad99b4e0e4b
323028fe-c619-4475-b65b-c382aee5b507,a4c856e7-1396-4c1a-9bfc-7682d0f09b91,1000000,685efcb5-9c9f-4eca-b717-ab1487ba3859,50000,2012-08-24 14:00:00 +02:00,SUCCEEDED,07d66b88-ba79-42e4-b62b-b41ff78d6db6,442111c6-29b9-44a3-98d6-a760e5025500
a175ebb9-e197-4f8d-8b32-7c09a39938bc,8f0132af-ecf0-4a0f-b0ec-19466f2207c4,1000000,636a2d1a-3be9-43cd-87da-f01d95654b68,50000,2012-08-24 14:00:00 +02:00,SUCCEEDED,ee985eac-4382-442f-9798-c679e781ab72,ebb8189d-ffad-4387-aebb-73b32f4d61de
981fe5b9-5c04-4968-8fb0-5ccc2add142d,d0d020a3-0e14-4ee6-8807-1e2dcd53e8a6,1000000,59032751-4a2b-4281-9651-8e771b7831c1,50000,2012-08-24 14:00:00 +02:00,SUCCEEDED,c9eb7666-77da-46d5-968a-8a4dca2a8e70,ca026e99-4171-4c5a-b3b6-dbebe2c21e3e
99ab8a86-8165-4bd9-90b9-2bb19f1edfd8,1fd7d19c-9ab8-448e-841b-cce86dae8f1f,1000000,dcf35b31-1054-4c1c-8e92-08931745f445,50000,2012-08-24 14:00:00 +02:00,SUCCEEDED,0d40223c-d638-47bf-899f-0eda3439025e,4ceab286-7862-4e87-aba8-cc1778256857
871f5f12-0f02-4f10-a2fe-3ab8de73c21b,224f7a41-9884-475e-b64a-f414adba4776,1000000,a5fe363f-d1b4-463d-862b-885ab99af1ac,50000,2012-08-24 14:00:00 +02:00,SUCCEEDED,2053ae0c-5e05-4177-9fae-2fced34560a6,339d6f39-4bd3-41a6-bcb9-03d7e696ff93
676a5fc2-d05c-4f7a-a244-8c820fb6b4e2,09945db3-fe9d-409a-a95d-71aa14c71c41,1000000,08275a57-2cdb-459b-85a9-e9ada1b28b7b,50000,2012-08-24 14:00:00 +02:00,SUCCEEDED,0a917780-6581-4f9b-b9f1-2bb4747f409c,9095f7c2-5e16-4d9e-b779-82c091dd1a7d
9ebec67b-3ae5-4219-bc79-79f731d35bbb,5ec008ab-5a2d-41b2-b0f8-ef7ce6c338ca,1000000,36b4b0a3-c963-4775-b47c-30e0fddbe17d,50000,2012-08-24 14:00:00 +02:00,SUCCEEDED,a06868a9-3cb5-4196-a956-3f7b56260f7c,96f0bca8-4c9d-4360-b7c5-1d6e1ec82141
2f3a7c74-3eeb-4491-a322-2b1306aae914,d70eb474-452f-4d85-9004-f1738ee59dfc,1000000,51dcffa0-8169-4da0-b214-4fb5d536e30f,50000,2012-08-24 14:00:00 +02:00,SUCCEEDED,66db4d72-6e95-4082-9c61-db4f92b41306,d237511f-64e1-443b-87da-693bd41a07c1
81f0a855-ee7c-4623-93e5-e7cce0e693e7,5ef4e7a3-5ba2-43e9-88a3-e9ff803e7933,1000000,c498d0f6-ad16-45c4-8396-f689b8b83175,50000,2012-08-24 14:00:00 +02:00,SUCCEEDED,65085031-73d5-4ba8-be72-583413452e91,8dc8ce5e-a552-4cc8-afa9-401339ddc4c2
0c560422-a4ce-4421-8656-e4547103b027,4aabe7df-43d1-4c54-a0b6-8e6b0cb6bfe2,1000000,179d4617-2d12-46a9-8728-baded3432d69,50000,2012-08-24 14:00:00 +02:00,SUCCEEDED,73abf102-4d01-4334-80e2-33542d31e408,b278f98a-3db9-41a5-a697-55774b942f9a
edd5c558-1880-452d-bf71-b891880b1184,37436753-1570-41fd-834b-4f854a582d05,1000000,1a92587f-4fa1-444b-aae9-3024b46d368c,50000,2012-08-24 14:00:00 +02:00,SUCCEEDED,96519e91-b6ed-4c33-921f-cd83a8790efa,b1e19dc1-a491-4c3c-b580-c3af547a90f4
dfdd23d7-fd49-442f-94fc-aa9ad1e89ae1,35dd3f23-22c5-4844-a0e3-db998e478b59,1000000,6917a018-e4a9-435f-a761-2664bbcbb867,50000,2012-08-24 14:00:00 +02:00,SUCCEEDED,2eeece55-add2-4ec1-ae28-21e6d80f1cb4,8a842ddd-1475-4794-86c5-9f104fe7cef4
ad4733d5-6d90-4a85-9a81-1a5688dc0a8d,fab69352-9389-4e64-ac1b-e97f42a513f4,1000000,2897209e-c208-486c-97dc-ad3bec9971ab,50000,2012-08-24 14:00:00 +02:00,SUCCEEDED,5c3fc552-61e2-4b23-8fdc-1f127d76074a,27bd8b77-7c81-44a2-8342-8f1a88002617
4ed92d89-0018-4855-b78f-d7ed2d42bc71,3c489032-47b7-4fac-950a-fce919127e65,1000000,2a93a02e-6e0a-4b52-9c69-03d6c9997eeb,50000,2012-08-24 14:00:00 +02:00,SUCCEEDED,028af19d-6bd8-4d86-a540-68ada4e7cf35,1ab8cadb-c8d2-4ffb-9e36-edc520ff37cb
c01cf888-7c62-4a96-a5d5-4964cbebbb67,3f280d39-d517-4c0e-b30d-191cf1f972aa,1000000,05d74a8a-eeb2-4533-b352-a4a6ff7ebf78,50000,2012-08-24 14:00:00 +02:00,SUCCEEDED,3d7e9418-271a-40a9-ad5b-65fa2ce67486,a464f96f-2366-407e-9eae-a9098886914a
d2b37394-8012-4c45-a579-3f98f2c6ad1d,2893c6d9-e860-4636-be46-afdccfa2d40f,1000000,87bcf184-204a-471f-b6ac-12f32b889946,50000,2012-08-24 14:00:00 +02:00,SUCCEEDED,0456b72a-cf5f-4655-8953-a49dde8dbea2,a630aee8-8eee-4059-a1ad-34985b78b912
f9da7f13-33e8-4c70-92f4-b976fd929172,41939e52-6590-4efc-b2d3-d8db0a626887,1000000,34e68cc8-402b-4d24-ae28-942e17923dd0,50000,2012-08-24 14:00:00 +02:00,SUCCEEDED,28bd5c8f-8b3b-4e10-8dd1-1c9faaf12fef,e51ca42c-6203-4859-b65b-d27689621bee
54e08a8a-529d-405f-8dbb-94767c1555bd,d0dd11b7-4755-4c01-9b90-3676017f4022,1000000,59efc00a-3a24-4db1-91ed-79ec6fa4de25,50000,2012-08-24 14:00:00 +02:00,SUCCEEDED,17b6ffc2-1134-4944-a2b2-db7510bc8989,1d0ba82b-f0ac-4e39-acc0-7827ff3b365b
1e424abf-4773-469d-b3df-2116ae982dde,5da0b37e-013f-4971-aa28-84cf54d712c1,1000000,a15ef1f4-ff8f-4420-9aed-1dbce1a8d439,50000,2012-08-24 14:00:00 +02:00,SUCCEEDED,ecbad620-e36f-4bad-a134-5586c09cc690,d6fe27b4-7ff2-4482-a0de-a5297d22d3d8
20f4eb31-656a-4865-9153-cdbf3e66f63c,b1568296-c63a-4e37-939d-364b79f7bfaf,1000000,aaf5b9e5-9cab-4cf6-998f-7699b53f98c7,50000,2012-08-24 14:00:00 +02:00,SUCCEEDED,37585245-c146-4c29-892d-a7433f931b1e,c62caa75-f82f-4624-97db-53e9eab507c2
79631296-50a1-4408-99f6-a8ad6349d39f,b411b0c4-5b9a-4262-84d2-5fbe2fe1cd81,1000000,eba7b911-b4f5-4d68-a61f-b07d8e371531,50000,2012-08-24 14:00:00 +02:00,SUCCEEDED,09ccfaa4-adf3-4368-8cab-9c628fc6eb79,e78c0875-300b-43b2-9ae0-0d1fbda6c4ac
8018fcb8-cf4a-47f4-a2e1-62e9e7990cc6,3401910c-d710-416f-82d9-94123a690355,1000000,f88f0423-36cf-429b-a174-4da05efbf8ee,50000,2012-08-24 14:00:00 +02:00,SUCCEEDED,82a9aa5d-05ed-4f10-a65a-54026121308b,d049aa40-7e73-43cc-8aca-f0a8b8a46fd9
859b08c8-d941-4bf2-a294-7f0297221d64,6b4c3f1e-f0c0-4c5e-8045-b1e25304ac36,1000000,23de48c5-c09f-458d-83ff-b25c37af5edd,50000,2012-08-24 14:00:00 +02:00,SUCCEEDED,cf7fe953-a9fc-4175-b799-4ee558b38fbc,bdde3caa-8cbb-49c0-bad9-c4c19261490e
11130f77-0cc4-410a-b725-d044237ff889,6bda8fc7-0053-488d-8a87-0b4cdb8ee252,1000000,301c8ae4-8116-4dbf-ab2b-6faf507953a6,50000,2012-08-24 14:00:00 +02:00,SUCCEEDED,4af7a835-721c-4c01-b617-c9956bb9a496,61109637-a20c-4bac-b459-c58cea5db6c6
bd5a9731-2067-41a9-bf50-fad660b55045,dd6fe702-f028-4690-81b5-c9d8000f7d84,1000000,2238c219-6276-4209-b574-d037e00439ac,50000,2012-08-24 14:00:00 +02:00,SUCCEEDED,02fbb465-7369-4ea2-91fb-f9420ae973da,0c68e7de-ce6a-48d3-907a-4c7d7a9beb51
0baf245e-f99e-495d-aaff-74c7711c523c,4252aabb-fef1-4569-aff4-5b5a80a8dafb,1000000,79d6fd48-fb8e-46ff-8b16-8a41308697fe,50000,2012-08-24 14:00:00 +02:00,SUCCEEDED,f13b922b-34fb-49cf-b3e0-a942c42e8a2e,b4aef25c-875c-4acc-981e-1a205c1c10d6
4d25acaa-cc40-4d70-a2e2-eaed579a6f7b,9f0d39f0-b3f8-4035-8cf2-1fb877df4df4,1000000,a40b5f75-c3d6-4775-9625-b15ec26b1505,50000,2012-08-24 14:00:00 +02:00,SUCCEEDED,386704f9-92f1-4abd-9ddf-29014a81bf30,16615224-ac38-4894-828d-d62f8670df73
4fbe9ce9-10ee-4610-997f-2baa2e9267ab,a1411c4d-c770-4abe-bf65-7c5890c171a7,1000000,9b21bd9b-6e95-4ff0-a785-2d2637449f3e,50000,2012-08-24 14:00:00 +02:00,SUCCEEDED,d3bd608d-d8a0-400c-ac18-263c840a4166,c8bd3b08-7409-4eb2-8bdf-f36eeca9459d
7a334655-ab39-4652-8ed9-a143501c6afa,4f2dbe96-4365-4ee6-8323-3f88b33d1438,1000000,88df10b6-425d-4f37-8fba-7067a49564f7,50000,2012-08-24 14:00:00 +02:00,SUCCEEDED,4c59bf75-f889-4e57-abd4-d1e9a58522db,7a3b4254-1238-44ce-b96c-cf870a2d5186
7857f6e6-18a5-4730-a86d-5b72c821c6c3,926576a7-6ab2-4a25-8daf-fbc41c9aebb1,1000000,3b3146c1-af32-4e0d-a3a1-729ef5cdd36d,50000,2012-08-24 14:00:00 +02:00,SUCCEEDED,3f19ac35-d581-4aae-acb2-6ff55158ff03,56ee0857-a9f2-4e7e-8f9d-585e6c43c9d9
9ba84f0c-5386-4fb9-a62b-c638c9fe25ef,c8f897cc-8a4d-4d03-a8f3-7f01d3e80aa7,1000000,997bc076-b2cc-4d90-a16c-24f95a5900ef,50000,2012-08-24 14:00:00 +02:00,SUCCEEDED,a7c1bfed-dd3a-4bc3-b56b-df094d292e38,e581dd34-85e2-4781-a23a-bacb711c1300
4642fcda-2cdf-45dc-8d06-dbac3725acd8,0a52bfba-ebf9-4f10-843a-d7fb71e9e824,1000000,cb64911a-04e9-42f5-b1a4-3f2b037a24b0,50000,2012-08-24 14:00:00 +02:00,SUCCEEDED,31b7fcc2-6f0a-43c3-9088-f1effe86f885,ca0917ce-7223-4905-bcfa-103ce3c7d695
6d9edf10-97b0-4620-acec-e3f688b530fd,ad57f1e6-a347-4682-b1e8-c343ae14af84,1000000,88a3d49b-5725-4837-a97a-c45c42fcd5f2,50000,2012-08-24 14:00:00 +02:00,SUCCEEDED,78d9b4d5-5893-4c59-9601-1d565296cca4,cd9deaac-fa61-4544-8ae0-5678c9362427
dfe1da00-4443-455c-907b-06d6e49927ce,4b514f44-c38f-47cb-a6cc-9cc972c620d4,1000000,11338317-3cd8-4c40-9ea5-9e18fb3c0887,50000,2012-08-24 14:00:00 +02:00,SUCCEEDED,f464863b-5faf-42ae-ac1d-5bbd5d055f34,3910d7be-3001-4e78-a9bd-cb93a4256a83
8e0d6e33-c15d-47fb-bab9-021d754740bb,644c34b9-dcaa-4f7e-83da-396e139635cc,1000000,0ce43e27-137d-434d-9e20-a886b18e25c1,50000,2012-08-24 14:00:00 +02:00,SUCCEEDED,d355d8c1-75a8-48f8-bd9d-16c87c0a6584,525bb3a0-473b-4f75-b761-fc38bc64c069
b1cf380d-50a0-4e04-86c4-af845e530a09,67b610d2-fa70-470f-8c14-36a80c84ca22,1000000,b28f081a-9ca2-47a1-afb2-595dc06d0024,50000,2012-08-24 14:00:00 +02:00,SUCCEEDED,d35dfa3d-5cf5-45da-8e41-5d75d2ced1cd,515b7eaa-2242-4557-91e9-3b86242dd274
9bf67c88-4ad0-4baa-9a18-dc7d959b57df,67fc7f10-31bd-4505-8c55-30f647d31e33,1000000,33a6aaf5-4cf2-4880-9fde-d3d068c00da8,50000,2012-08-24 14:00:00 +02:00,SUCCEEDED,2d58fb94-b821-4810-b231-75ead7becd49,77971723-c32e-4db9-bc5d-e8d5494e8153
f35c4cfe-fbac-4da1-914a-cd7b7592103b,e088cc2b-f4da-4dc9-a7a2-1ee9706f6a34,1000000,a5d1f274-8807-42dd-ba10-008c67cb7e1a,50000,2012-08-24 14:00:00 +02:00,SUCCEEDED,30eae2f5-0fbd-4f6a-b2b3-b11e99c53323,0b653c00-a12d-4938-bd72-7516197d7e46
45b4b7ad-7f42-44a8-a676-65691b1ca5fd,9f56d600-9d4a-4bfa-b92c-511259bcd394,1000000,fa22f9da-412f-465d-9c43-e28e11cfccc0,50000,2012-08-24 14:00:00 +02:00,SUCCEEDED,ad711d28-73b3-42fa-8bf4-ad60b9e180a1,1ab77bb5-4372-408d-8d2d-3bab13328b94
3b52c08f-32b9-478c-b4ff-1756be8b39fb,a7300a65-be15-4b17-863a-1b5ea7aeb3c9,1000000,5ebfe78d-43b2-4fbc-9e19-5b1fcacce207,50000,2012-08-24 14:00:00 +02:00,SUCCEEDED,49dc9dda-f3e5-4de5-9b30-b1b88436eb3e,c771863a-046d-432e-954c-3ce5a23973f9
f802e342-f002-4c75-b7d5-c1dddc7a56ca,8281b589-bbbe-435d-ad4f-967581a4d078,1000000,5fcc8f3b-d36d-4b6d-aef5-b1d988b02063,50000,2012-08-24 14:00:00 +02:00,SUCCEEDED,2462b4fc-609b-48a4-8955-2d80a8e05e6c,157567fd-2d9a-460b-a7e6-69ba3a35758e
25d870a0-5612-434f-a1a6-aebc012151ba,fd00a0d2-a729-4ce8-97e8-2fd7f85c6813,1000000,256b4775-48d4-474e-9a90-229870310336,50000,2012-08-24 14:00:00 +02:00,SUCCEEDED,f687af69-5eae-4043-a1d1-d4e33fa9c064,b91f1740-3c1f-4d68-8906-e3ad2e065122
fa69b171-c1f6-4861-87c4-263b4be66dac,a442c511-82c1-4238-a066-629ac697e657,1000000,1abbc287-1329-4d6f-a65e-813a9fd1c641,50000,2012-08-24 14:00:00 +02:00,SUCCEEDED,c04302ef-a816-4305-b7dc-1dd486f8be2f,99ba51ad-05cf-4265-a39b-7e4de9afc280
7265878a-0e05-4074-b9a3-5107d508e302,19c5905c-c04d-44d5-94c2-23aa315992f2,1000000,46d6c2d5-da82-4c0f-969a-fe6687085a37,50000,2012-08-24 14:00:00 +02:00,SUCCEEDED,b512161a-7f35-4f66-b4af-6f6077316bc5,fcfb0dec-08a6-407f-8ce3-700122da61eb
01634204-3f56-47eb-acba-85ea7b73c642,28d368ca-2a82-43ad-81dc-68e401387a94,1000000,fc7f9224-886b-4cfc-80ef-2c2823112d76,50000,2012-08-24 14:00:00 +02:00,SUCCEEDED,0a16e187-8a5c-4bac-b613-7bed7d42d313,74447310-4a63-45e5-81a7-14851c204d45
801d7fa5-d4cd-421c-859a-f87f1c7f58a2,42624eac-8a56-4772-a285-4986d14c9014,1000000,09be1641-dd3c-4697-a7f4-d88e395595ba,50000,2012-08-24 14:00:00 +02:00,SUCCEEDED,18a54dbe-231a-493d-8557-1d9d07f57b80,f2641437-ca78-4767-8040-d003bca5b8c7
773692ce-eff4-4cd7-b2c3-a0b13f6cc6e8,a3171cc3-715b-4d6d-9b1f-6855f5d82118,1000000,3bb24be5-dac8-400c-a0a2-28e7d47ccf77,50000,2012-08-24 14:00:00 +02:00,SUCCEEDED,c05085e1-e52c-447f-9594-0aae88cbc116,f5d2b7ab-4209-478d-aed8-ee9cca2eb75f
f248f6ec-a59f-4282-b7b8-04ae0d3c3886,da66ef77-c59f-4935-8194-d35fbe23f9f7,1000000,6f307797-e14d-4efc-9bb2-ea292b3d96a0,50000,2012-08-24 14:00:00 +02:00,SUCCEEDED,f7e5ffeb-4d8f-4692-9cde-e53cd3915467,0473ec79-fd01-458a-bfeb-ef98e6762b7f