7c5ea288-d140-47a5-b4fa-5c5e2bc8e26c,1000000,3ae8efe0-3b13-4ada-97d7-6136c158e8c5,efd996e1-29bb-423d-8c91-621dff4906ce,2012-08-24 14:00:00 +02:00,204,3e8b871a-f6f6-4bfc-852c-35b553d8a1b1
68672746-b338-4ede-b8e4-c420d15e3ef6,1000000,3ae8efe0-3b13-4ada-97d7-6136c158e8c5,4373074b-0fe3-48b2-abbe-b0bb5f7a0a18,2012-08-24 14:00:00 +02:00,204,3e8b871a-f6f6-4bfc-852c-35b553d8a1b1
7e5a254d-28f1-40e4-919d-2b565be84f05,1000000,ecc055e4-2b68-4778-a2b9-b6f5f5429734,16e3a333-e617-4bac-88a2-491c93145eb6,2012-08-24 14:00:00 +02:00,204,3e8b871a-f6f6-4bfc-852c-35b553d8a1b1
693b5ef2-7e45-4b37-8a19-4d4734d2eba2,1000000,ecc055e4-2b68-4778-a2b9-b6f5f5429734,4373074b-0fe3-48b2-abbe-b0bb5f7a0a18,2012-08-24 14:00:00 +02:00,204,3e8b871a-f6f6-4bfc-852c-35b553d8a1b1
49de9bf3-0ae7-44f0-af2c-05a65abff700,1000000,d2e8186b-734a-4769-b015-fa11bc12c0b2,127fa18f-4eb5-47b6-abdb-4b4d028653f7,2012-08-24 14:00:00 +02:00,204,3e8b871a-f6f6-4bfc-852c-35b553d8a1b1
f4808df5-1217-4d3d-9741-cd5aaa37677c,1000000,d2e8186b-734a-4769-b015-fa11bc12c0b2,4373074b-0fe3-48b2-abbe-b0bb5f7a0a18,2012-08-24 14:00:00 +02:00,204,3e8b871a-f6f6-4bfc-852c-35b553d8a1b1
4c39c5c4-cfbe-4de1-8f21-f5b3fe28243f,1000000,8376b47a-29d2-41dc-b31b-64782c2e39b3,cc936657-1c9a-4bc9-9925-873d12acd282,2012-08-24 14:00:00 +02:00,204,3e8b871a-f6f6-4bfc-852c-35b553d8a1b1
4d3dc0ab-9de9-4be9-9fc9-7bb7e025674a,1000000,8376b47a-29d2-41dc-b31b-64782c2e39b3,4373074b-0fe3-48b2-abbe-b0bb5f7a0a18,2012-08-24 14:00:00 +02:00,204,3e8b871a-f6f6-4bfc-852c-35b553d8a1b1
9f7c95ad-ee9b-4598-8b71-d90d2a26b77d,1000000,73e82139-0352-4dbd-bbb6-9102d8ab512f,3081622a-2d11-4606-9c87-9ded0937f42c,2012-08-24 14:00:00 +02:00,204,3e8b871a-f6f6-4bfc-852c-35b553d8a1b1
dee62e0c-4c15-4b80-a2ae-051778bb5f96,1000000,73e82139-0352-4dbd-bbb6-9102d8ab512f,4373074b-0fe3-48b2-abbe-b0bb5f7a0a18,2012-08-24 14:00:00 +02:00,204,3e8b871a-f6f6-4bfc-852c-35b553d8a1b1
06060d82-00b6-4142-81b4-bedd868ca18d,1000000,b0ff154c-2880-4726-addf-6f56692fb531,b1bd4a02-dd87-4d4b-a36f-cba29c270287,2012-08-24 14:00:00 +02:00,204,3e8b871a-f6f6-4bfc-852c-35b553d8a1b1
bd2a20c6-2d46-4a8c-a66a-96b824f179db,1000000,b0ff154c-2880-4726-addf-6f56692fb531,4373074b-0fe3-48b2-abbe-b0bb5f7a0a18,2012-08-24 14:00:00 +02:00,204,3e8b871a-f6f6-4bfc-852c-35b553d8a1b1
79766899-a609-464c-9bb8-77eda8787f99,1000000,9e16a0bd-a343-470b-a92a-39594fdd9cc5,e89184b6-1f99-477a-938a-b83668679964,2012-08-24 14:00:00 +02:00,204,3e8b871a-f6f6-4bfc-852c-35b553d8a1b1
44ee7f5b-d729-494a-b66a-fd1554b7e132,1000000,9e16a0bd-a343-470b-a92a-39594fdd9cc5,4373074b-0fe3-48b2-abbe-b0bb5f7a0a18,2012-08-24 14:00:00 +02:00,204,3e8b871a-f6f6-4bfc-852c-35b553d8a1b1
cfc4aeb8-c7f6-4023-8d05-36e6e17911b5,1000000,ae8b900f-78b0-410d-8250-9fd3735568a9,7ee95a50-30f6-4ce2-baaf-30228a9d0d42,2012-08-24 14:00:00 +02:00,204,3e8b871a-f6f6-4bfc-852c-35b553d8a1b1
13522850-5eae-4da9-9c88-0a7045ca18fa,1000000,ae8b900f-78b0-410d-8250-9fd3735568a9,4373074b-0fe3-48b2-abbe-b0bb5f7a0a18,2012-08-24 14:00:00 +02:00,204,3e8b871a-f6f6-4bfc-852c-35b553d8a1b1
3575c084-9477-4c1d-9e84-7a2f4857b94b,1000000,e78557a7-7e3e-4940-9aec-8523d5d9a70c,d9f7f6f3-0764-4a5f-bba9-8044049b198a,2012-08-24 14:00:00 +02:00,204,3e8b871a-f6f6-4bfc-852c-35b553d8a1b1
d4230186-3265-46c0-9933-864d7618add9,1000000,e78557a7-7e3e-4940-9aec-8523d5d9a70c,4373074b-0fe3-48b2-abbe-b0bb5f7a0a18,2012-08-24 14:00:00 +02:00,204,3e8b871a-f6f6-4bfc-852c-35b553d8a1b1
c8689784-91f4-45e8-afc4-93bb6616bad3,1000000,4528b5dc-e710-4d2f-ae17-27d3f9de71d9,ab3d5481-31b2-4629-beae-3c563e322f83,2012-08-24 14:00:00 +02:00,204,3e8b871a-f6f6-4bfc-852c-35b553d8a1b1
b002bf64-3304-4bad-a751-0077dc469b35,1000000,4528b5dc-e710-4d2f-ae17-27d3f9de71d9,4373074b-0fe3-48b2-abbe-b0bb5f7a0a18,2012-08-24 14:00:00 +02:00,204,3e8b871a-f6f6-4bfc-852c-35b553d8a1b1
89adcbc3-9616-4e92-8738-a0ea50bccfac,1000000,157a0183-6971-4e0c-a677-077a8a03f289,60d0dd04-8fc3-4dd4-a6de-e6459a298080,2012-08-24 14:00:00 +02:00,204,3e8b871a-f6f6-4bfc-852c-35b553d8a1b1
8ec8273a-bd3b-4cc5-9bfa-b682d18cdd0a,1000000,157a0183-6971-4e0c-a677-077a8a03f289,4373074b-0fe3-48b2-abbe-b0bb5f7a0a18,2012-08-24 14:00:00 +02:00,204,3e8b871a-f6f6-4bfc-852c-35b553d8a1b1
7999d6bd-b55d-4bb3-a787-da0ab755a854,1000000,e37889ae-9f67-45ff-bf8b-71abc16766da,5d203415-1e8a-47d4-97ca-ae8753860fdb,2012-08-24 14:00:00 +02:00,204,3e8b871a-f6f6-4bfc-852c-35b553d8a1b1
60339463-0834-4ce7-93dc-7ea0c29cbf6b,1000000,e37889ae-9f67-45ff-bf8b-71abc16766da,4373074b-0fe3-48b2-abbe-b0bb5f7a0a18,2012-08-24 14:00:00 +02:00,204,3e8b871a-f6f6-4bfc-852c-35b553d8a1b1
f0e3690b-3340-4ab4-bff8-836d9df24335,1000000,cf3b8a61-bd14-4d80-a4c2-68ac1ed844c8,9146126d-2270-4bae-ac3c-3118a940f280,2012-08-24 14:00:00 +02:00,204,3e8b871a-f6f6-4bfc-852c-35b553d8a1b1
9aff47fe-ca1a-4689-b05a-631ca5a4b008,1000000,cf3b8a61-bd14-4d80-a4c2-68ac1ed844c8,4373074b-0fe3-48b2-abbe-b0bb5f7a0a18,2012-08-24 14:00:00 +02:00,204,3e8b871a-f6f6-4bfc-852c-35b553d8a1b1
bb6622b9-5689-4c50-8881-d707ba3832bb,1000000,3b59377d-629d-4da2-a081-b482117188da,b27b0839-31a7-4f22-acc4-b4c57846cb1f,2012-08-24 14:00:00 +02:00,204,3e8b871a-f6f6-4bfc-852c-35b553d8a1b1
8cf35553-4dbf-4ed6-824f-8097931f90a0,1000000,3b59377d-629d-4da2-a081-b482117188da,4373074b-0fe3-48b2-abbe-b0bb5f7a0a18,2012-08-24 14:00:00 +02:00,204,3e8b871a-f6f6-4bfc-852c-35b553d8a1b1
2e12ad59-a1a8-4559-bdf6-37cfe5331fc1,1000000,5e65f4d7-2856-4e30-a2af-02116f1ff505,3de26c9a-936a-492c-9e38-f34d2b18c96c,2012-08-24 14:00:00 +02:00,204,3e8b871a-f6f6-4bfc-852c-35b553d8a1b1
c4a2ab19-b5b3-4f93-9430-37deae4a4b90,1000000,5e65f4d7-2856-4e30-a2af-02116f1ff505,4373074b-0fe3-48b2-abbe-b0bb5f7a0a18,2012-08-24 14:00:00 +02:00,204,3e8b871a-f6f6-4bfc-852c-35b553d8a1b1
206e2344-3be4-42e3-83ad-3893f309454d,1000000,6a98c782-6aca-4baf-b84b-1045831da6b2,cf1d63b1-e12c-49e4-a9a6-9104c7df30e0,2012-08-24 14:00:00 +02:00,204,3e8b871a-f6f6-4bfc-852c-35b553d8a1b1
a3dfe72e-3e1d-4a98-8223-bca9e5ccf4c7,1000000,6a98c782-6aca-4baf-b84b-1045831da6b2,4373074b-0fe3-48b2-abbe-b0bb5f7a0a18,2012-08-24 14:00:00 +02:00,204,3e8b871a-f6f6-4bfc-852c-35b553d8a1b1
7ff77117-9273-4a0f-a9c1-24c00ddc7d8a,1000000,1ce188d4-c04e-42c4-be2e-d9bbdd7edd20,e3a1dd7a-97eb-4f17-9e89-04d78048eb07,2012-08-24 14:00:00 +02:00,204,3e8b871a-f6f6-4bfc-852c-35b553d8a1b1
1c87b3b0-c631-493c-a6e3-1d70dd8dec77,1000000,1ce188d4-c04e-42c4-be2e-d9bbdd7edd20,4373074b-0fe3-48b2-abbe-b0bb5f7a0a18,2012-08-24 14:00:00 +02:00,204,3e8b871a-f6f6-4bfc-852c-35b553d8a1b1
732c71d1-b16b-42c1-bfee-a1ce5194e955,1000000,82ab08e3-3fd8-468d-b19d-7fb4c5e1932e,d5299c03-5aef-4742-9779-5f582aa3fa5e,2012-08-24 14:00:00 +02:00,204,3e8b871a-f6f6-4bfc-852c-35b553d8a1b1
01135418-d901-4153-817e-55031cb9abbe,1000000,82ab08e3-3fd8-468d-b19d-7fb4c5e1932e,4373074b-0fe3-48b2-abbe-b0bb5f7a0a18,2012-08-24 14:00:00 +02:00,204,3e8b871a-f6f6-4bfc-852c-35b553d8a1b1
df895ed9-a4b7-4bc0-9506-bdfc78561dc1,1000000,4f3b88ac-a6da-428a-8386-e230d663cea5,57d9dbc5-b30f-4f8c-bd0b-ceeabd3ff759,2012-08-24 14:00:00 +02:00,204,3e8b871a-f6f6-4bfc-852c-35b553d8a1b1
f123def0-5e3a-4c30-9ada-b100077ce3bb,1000000,4f3b88ac-a6da-428a-8386-e230d663cea5,4373074b-0fe3-48b2-abbe-b0bb5f7a0a18,2012-08-24 14:00:00 +02:00,204,3e8b871a-f6f6-4bfc-852c-35b553d8a1b1
3953760c-0d0c-4cf8-8d2c-41102770d6e5,1000000,071c92e6-a29b-4c3b-a774-874d4b2b6880,63c35fa9-e714-4688-92bd-57ad420bec1e,2012-08-24 14:00:00 +02:00,204,3e8b871a-f6f6-4bfc-852c-35b553d8a1b1
b14d627f-5da1-42f1-9e4e-65171e49809e,1000000,071c92e6-a29b-4c3b-a774-874d4b2b6880,4373074b-0fe3-48b2-abbe-b0bb5f7a0a18,2012-08-24 14:00:00 +02:00,204,3e8b871a-f6f6-4bfc-852c-35b553d8a1b1
6e4fbd4f-51a5-4b64-9075-56321822b404,1000000,6adc51bb-fc66-4040-a928-f0cbe9800533,63bf55ed-402b-45a9-a458-632785af3758,2012-08-24 14:00:00 +02:00,204,3e8b871a-f6f6-4bfc-852c-35b553d8a1b1
88862c42-33d1-46f8-a9ce-eb6de4490ad9,1000000,6adc51bb-fc66-4040-a928-f0cbe9800533,4373074b-0fe3-48b2-abbe-b0bb5f7a0a18,2012-08-24 14:00:00 +02:00,204,3e8b871a-f6f6-4bfc-852c-35b553d8a1b1
ea601a60-c1ae-4cd2-8ba8-3e7581bfed34,1000000,a5e4ce01-72e1-408b-b854-9616314823b6,84e6ed7f-4915-4476-91b5-f26eb0d203cf,2012-08-24 14:00:00 +02:00,204,3e8b871a-f6f6-4bfc-852c-35b553d8a1b1
57407b6a-6efd-495e-a78a-dfd2e77c59c2,1000000,a5e4ce01-72e1-408b-b854-9616314823b6,4373074b-0fe3-48b2-abbe-b0bb5f7a0a18,2012-08-24 14:00:00 +02:00,204,3e8b871a-f6f6-4bfc-852c-35b553d8a1b1
39ef2d85-5272-4c48-a6fb-31b0c122b5a8,1000000,5fcd7d15-1aff-4279-9c45-1e4ae0555d7a,8b93a385-92be-4bde-b74b-557d3e19ab18,2012-08-24 14:00:00 +02:00,204,3e8b871a-f6f6-4bfc-852c-35b553d8a1b1
8fb4095f-3534-4e0a-8a6a-917229e4fb7b,1000000,5fcd7d15-1aff-4279-9c45-1e4ae0555d7a,4373074b-0fe3-48b2-abbe-b0bb5f7a0a18,2012-08-24 14:00:00 +02:00,204,3e8b871a-f6f6-4bfc-852c-35b553d8a1b1
4564cd7a-51b7-4552-b191-43d18d3f7bc5,1000000,280e21a6-e525-42cb-abe5-c7a9e7c9a3b2,3962da5b-fab2-468e-836b-3602268c3391,2012-08-24 14:00:00 +02:00,204,3e8b871a-f6f6-4bfc-852c-35b553d8a1b1
b541cbc1-72e6-4f54-90b6-4f31993f2a76,1000000,280e21a6-e525-42cb-abe5-c7a9e7c9a3b2,4373074b-0fe3-48b2-abbe-b0bb5f7a0a18,2012-08-24 14:00:00 +02:00,204,3e8b871a-f6f6-4bfc-852c-35b553d8a1b1
3e35c69e-614c-484f-8ac0-a5b81bfeadec,1000000,9c9b5dda-ede7-4cec-8716-293c63dcb8e3,76828fdf-c17c-4d14-95df-d1b3b388d3dd,2012-08-24 14:00:00 +02:00,204,3e8b871a-f6f6-4bfc-852c-35b553d8a1b1
b375f80c-d85b-4f16-928e-617f84f2244e,1000000,9c9b5dda-ede7-4cec-8716-293c63dcb8e3,4373074b-0fe3-48b2-abbe-b0bb5f7a0a18,2012-08-24 14:00:00 +02:00,204,3e8b871a-f6f6-4bfc-852c-35b553d8a1b1
5767b6ca-a405-4798-a278-e8ebb5aeac94,1000000,d51e95ec-c082-458b-89d5-ec3b1b3c2d59,a694b9fd-8d14-4c14-9e5a-2d5f8d19c80f,2012-08-24 14:00:00 +02:00,204,3e8b871a-f6f6-4bfc-852c-35b553d8a1b1
8440e581-59ec-4b78-a949-1b744c1e1268,1000000,d51e95ec-c082-458b-89d5-ec3b1b3c2d59,4373074b-0fe3-48b2-abbe-b0bb5f7a0a18,2012-08-24 14:00:00 +02:00,204,3e8b871a-f6f6-4bfc-852c-35b553d8a1b1
11611f60-532f-4b48-a61a-a04fed4727e7,1000000,0c95c4b0-89c9-4da1-9a9d-1b38961ca214,8d9fdda3-20a4-4074-832f-3b7063588ede,2012-08-24 14:00:00 +02:00,204,3e8b871a-f6f6-4bfc-852c-35b553d8a1b1
d9e46b32-0c24-4a94-8335-953ded0e68b6,1000000,0c95c4b0-89c9-4da1-9a9d-1b38961ca214,4373074b-0fe3-48b2-abbe-b0bb5f7a0a18,2012-08-24 14:00:00 +02:00,204,3e8b871a-f6f6-4bfc-852c-35b553d8a1b1
baa5a5d4-c7e7-46fe-bddb-6eed96f913b0,1000000,7b3e84f0-5a50-4970-8072-8917d2833c2b,e26e6650-b21e-42a8-99a2-655ac94365c8,2012-08-24 14:00:00 +02:00,204,3e8b871a-f6f6-4bfc-852c-35b553d8a1b1
4d09700d-2c1c-4636-9222-5250c2b12b51,1000000,7b3e84f0-5a50-4970-8072-8917d2833c2b,4373074b-0fe3-48b2-abbe-b0bb5f7a0a18,2012-08-24 14:00:00 +02:00,204,3e8b871a-f6f6-4bfc-852c-35b553d8a1b1
259726cc-5518-4372-ba07-5ce9b77c6a56,1000000,cb2f572c-2c83-43a3-82e2-79e07682c5f1,05cd6514-6a45-42ca-a9e0-c7f2df1bedb7,2012-08-24 14:00:00 +02:00,204,3e8b871a-f6f6-4bfc-852c-35b553d8a1b1
e74a4d24-d3ec-46d6-a225-95214402f263,1000000,cb2f572c-2c83-43a3-82e2-79e07682c5f1,4373074b-0fe3-48b2-abbe-b0bb5f7a0a18,2012-08-24 14:00:00 +02:00,204,3e8b871a-f6f6-4bfc-852c-35b553d8a1b1
4f3d484a-0559-410d-8685-925a532a14c2,1000000,3d5d6ee7-7979-472b-9105-daba0cceacf2,e1eaef26-94ab-4a04-9528-0075ac87a22a,2012-08-24 14:00:00 +02:00,204,3e8b871a-f6f6-4bfc-852c-35b553d8a1b1
220014a3-5f18-4d42-b198-a75ad5a4ceb8,1000000,3d5d6ee7-7979-472b-9105-daba0cceacf2,4373074b-0fe3-48b2-abbe-b0bb5f7a0a18,2012-08-24 14:00:00 +02:00,204,3e8b871a-f6f6-4bfc-852c-35b553d8a1b1
bd5ffc4b-0648-4681-af15-f7591d8c134e,1000000,c0af6262-1d2d-4875-8169-6525f2728a96,5410e860-7d84-4232-bba8-21321a88508d,2012-08-24 14:00:00 +02:00,204,3e8b871a-f6f6-4bfc-852c-35b553d8a1b1
835a2386-b9b8-44e8-aa51-304501bcc123,1000000,c0af6262-1d2d-4875-8169-6525f2728a96,4373074b-0fe3-48b2-abbe-b0bb5f7a0a18,2012-08-24 14:00:00 +02:00,204,3e8b871a-f6f6-4bfc-852c-35b553d8a1b1
598d2337-ab9d-4cfe-93a2-d2bd1db69069,1000000,4924e4c0-4e4a-4500-bf95-f2739a6cd059,f9f6497d-a918-4447-be7c-78e04dd14812,2012-08-24 14:00:00 +02:00,204,3e8b871a-f6f6-4bfc-852c-35b553d8a1b1
c867c8c6-d858-496b-bcf4-4ddcf75fe5fb,1000000,4924e4c0-4e4a-4500-bf95-f2739a6cd059,4373074b-0fe3-48b2-abbe-b0bb5f7a0a18,2012-08-24 14:00:00 +02:00,204,3e8b871a-f6f6-4bfc-852c-35b553d8a1b1
4b08454f-9fe4-4010-87ad-3c59302830d2,1000000,6adb23c2-5ab2-479e-b3dd-1b7db1f31480,a30a3e81-5dd6-4b63-9bd1-5aa2e39b3490,2012-08-24 14:00:00 +02:00,204,3e8b871a-f6f6-4bfc-852c-35b553d8a1b1
60c593eb-0253-4e60-98e9-01966ebc2862,1000000,6adb23c2-5ab2-479e-b3dd-1b7db1f31480,4373074b-0fe3-48b2-abbe-b0bb5f7a0a18,2012-08-24 14:00:00 +02:00,204,3e8b871a-f6f6-4bfc-852c-35b553d8a1b1
0152cbd1-826f-44f0-b1d3-5d9e2e9db023,1000000,2191d128-197a-43bf-ba96-ce955e94ed29,903b0eec-b691-4f2c-82dd-ea454bffdf04,2012-08-24 14:00:00 +02:00,204,3e8b871a-f6f6-4bfc-852c-35b553d8a1b1
bf92f40b-2dc3-4b68-8e98-2c1ae2ce4e7d,1000000,2191d128-197a-43bf-ba96-ce955e94ed29,4373074b-0fe3-48b2-abbe-b0bb5f7a0a18,2012-08-24 14:00:00 +02:00,204,3e8b871a-f6f6-4bfc-852c-35b553d8a1b1
98a4ecf2-99be-476c-ac34-dabbe8422ab0,1000000,f81ca782-cb24-492e-8496-c242612ac61e,ec7b7b86-46f7-4210-be55-542235059d27,2012-08-24 14:00:00 +02:00,204,3e8b871a-f6f6-4bfc-852c-35b553d8a1b1
8021d9a7-4fb5-4233-aee5-8cf20e75104c,1000000,f81ca782-cb24-492e-8496-c242612ac61e,4373074b-0fe3-48b2-abbe-b0bb5f7a0a18,2012-08-24 14:00:00 +02:00,204,3e8b871a-f6f6-4bfc-852c-35b553d8a1b1
876c52d4-2e9b-4f52-a27f-b036cd5f43fc,1000000,8c1ef95b-bef1-459e-a8b3-67d468277cb2,e94c1cd2-586a-4487-b7d4-f9bd3d1eb006,2012-08-24 14:00:00 +02:00,204,3e8b871a-f6f6-4bfc-852c-35b553d8a1b1
f3320c58-141e-4bcc-bf80-f4ef9c98ee20,1000000,8c1ef95b-bef1-459e-a8b3-67d468277cb2,4373074b-0fe3-48b2-abbe-b0bb5f7a0a18,2012-08-24 14:00:00 +02:00,204,3e8b871a-f6f6-4bfc-852c-35b553d8a1b1
446ac441-dbe7-4129-87a2-d649a93185d6,1000000,06ef7604-dfff-42e6-86ca-b555a2efd3dc,e1cbd340-55e1-48f6-8a50-459a2a58710d,2012-08-24 14:00:00 +02:00,204,3e8b871a-f6f6-4bfc-852c-35b553d8a1b1
265cb198-8628-4821-a86e-46393ab7e50a,1000000,06ef7604-dfff-42e6-86ca-b555a2efd3dc,4373074b-0fe3-48b2-abbe-b0bb5f7a0a18,2012-08-24 14:00:00 +02:00,204,3e8b871a-f6f6-4bfc-852c-35b553d8a1b1
104f1843-4546-40e0-a797-e3f5ad7777a2,1000000,8e74cd14-e4a9-4a10-bdcb-d2044c2e7421,af8f20e5-5378-42f1-8601-c609d90a345d,2012-08-24 14:00:00 +02:00,204,3e8b871a-f6f6-4bfc-852c-35b553d8a1b1
d256bb5f-c1cf-4eb4-b9d1-d519d6c2d43e,1000000,8e74cd14-e4a9-4a10-bdcb-d2044c2e7421,4373074b-0fe3-48b2-abbe-b0bb5f7a0a18,2012-08-24 14:00:00 +02:00,204,3e8b871a-f6f6-4bfc-852c-35b553d8a1b1
f0b7b545-2f09-4913-9033-6073b8b760b7,1000000,7faf1a90-cf9c-4cec-a0e1-0619d3768148,eca607b7-f0ca-4b9e-98a1-2d93c04553a8,2012-08-24 14:00:00 +02:00,204,3e8b871a-f6f6-4bfc-852c-35b553d8a1b1
c5c71e54-d1e1-4458-8631-406210ffd605,1000000,7faf1a90-cf9c-4cec-a0e1-0619d3768148,4373074b-0fe3-48b2-abbe-b0bb5f7a0a18,2012-08-24 14:00:00 +02:00,204,3e8b871a-f6f6-4bfc-852c-35b553d8a1b1
c339d822-4ed0-4d19-bf99-a4d2fe854aa7,1000000,4ae7cfb6-93df-496c-b056-d4a08d9c3dd6,4c2335aa-b951-4961-a58e-4ea911992084,2012-08-24 14:00:00 +02:00,204,3e8b871a-f6f6-4bfc-852c-35b553d8a1b1
7d79b5ae-776c-44e5-b498-7ef0a149aeff,1000000,4ae7cfb6-93df-496c-b056-d4a08d9c3dd6,4373074b-0fe3-48b2-abbe-b0bb5f7a0a18,2012-08-24 14:00:00 +02:00,204,3e8b871a-f6f6-4bfc-852c-35b553d8a1b1
6b260acd-d9ef-4766-b1cd-b5705e165cf9,1000000,fafe9c18-c1fa-4e3d-abf1-1742e0af7c2f,c28744d2-c036-4a47-a168-911873895a92,2012-08-24 14:00:00 +02:00,204,3e8b871a-f6f6-4bfc-852c-35b553d8a1b1
41c380a1-1881-4525-b401-96cf1dda3578,1000000,fafe9c18-c1fa-4e3d-abf1-1742e0af7c2f,4373074b-0fe3-48b2-abbe-b0bb5f7a0a18,2012-08-24 14:00:00 +02:00,204,3e8b871a-f6f6-4bfc-852c-35b553d8a1b1
64ebaa9a-afba-44af-90ff-37403b36903c,1000000,e0aacb96-32df-4aa6-a9db-d7246c82ca0f,8431a757-c44b-4f91-999f-0c457a027dc6,2012-08-24 14:00:00 +02:00,204,3e8b871a-f6f6-4bfc-852c-35b553d8a1b1
4dedb462-7654-4a2b-a3e3-1e159cc2d238,1000000,e0aacb96-32df-4aa6-a9db-d7246c82ca0f,4373074b-0fe3-48b2-abbe-b0bb5f7a0a18,2012-08-24 14:00:00 +02:00,204,3e8b871a-f6f6-4bfc-852c-35b553d8a1b1
1fd5a61d-944a-442a-b645-294b4bbf4a3e,1000000,b6be75bc-9619-49ff-a94c-dc680d42df2e,8d61e493-2e4d-43c0-9e3d-0c445708a3f0,2012-08-24 14:00:00 +02:00,204,3e8b871a-f6f6-4bfc-852c-35b553d8a1b1
bd6b3975-30a0-4315-bc8f-259e465e9569,1000000,b6be75bc-9619-49ff-a94c-dc680d42df2e,4373074b-0fe3-48b2-abbe-b0bb5f7a0a18,2012-08-24 14:00:00 +02:00,204,3e8b871a-f6f6-4bfc-852c-35b553d8a1b1
bd68a2c2-6e3d-463e-bf86-efcff8580d75,1000000,4e8b0cd7-3ba9-4429-914a-9009e7f5f301,af2d8a4f-7d35-4a22-89e1-ddfd4356c998,2012-08-24 14:00:00 +02:00,204,3e8b871a-f6f6-4bfc-852c-35b553d8a1b1
2eef0dbf-8f8c-4f5f-a783-bd4c9d2cf028,1000000,4e8b0cd7-3ba9-4429-914a-9009e7f5f301,4373074b-0fe3-48b2-abbe-b0bb5f7a0a18,2012-08-24 14:00:00 +02:00,204,3e8b871a-f6f6-4bfc-852c-35b553d8a1b1
d6a4b8f7-e66e-4090-b446-0c659da8400a,1000000,9b843dfa-ace1-47e1-bdeb-44c880e8b4d0,62a5b7e2-b635-4214-896c-cf27e17c4d6d,2012-08-24 14:00:00 +02:00,204,3e8b871a-f6f6-4bfc-852c-35b553d8a1b1
308ea42b-ff50-492b-b5d7-8109a84be8d5,1000000,9b843dfa-ace1-47e1-bdeb-44c880e8b4d0,4373074b-0fe3-48b2-abbe-b0bb5f7a0a18,2012-08-24 14:00:00 +02:00,204,3e8b871a-f6f6-4bfc-852c-35b553d8a1b1
9141f824-e918-47bc-a64d-94d2a3647511,1000000,20aaf386-f06b-4f82-9d13-b6374ec8db18,5abea93f-2a06-4f1b-978a-f33130029644,2012-08-24 14:00:00 +02:00,204,3e8b871a-f6f6-4bfc-852c-35b553d8a1b1
a4b723a7-d466-4b8b-9edf-277cd373a6ab,1000000,20aaf386-f06b-4f82-9d13-b6374ec8db18,4373074b-0fe3-48b2-abbe-b0bb5f7a0a18,2012-08-24 14:00:00 +02:00,204,3e8b871a-f6f6-4bfc-852c-35b553d8a1b1
30471791-0236-482d-8490-a0c5873c5883,1000000,5a4be6f0-fbf3-4e54-9f3d-f1f70ce4fb55,7246dcfb-1738-4b52-8236-694b2717a47f,2012-08-24 14:00:00 +02:00,204,3e8b871a-f6f6-4bfc-852c-35b553d8a1b1
c4856b00-479b-4144-b751-cdfe431a46e7,1000000,5a4be6f0-fbf3-4e54-9f3d-f1f70ce4fb55,4373074b-0fe3-48b2-abbe-b0bb5f7a0a18,2012-08-24 14:00:00 +02:00,204,3e8b871a-f6f6-4bfc-852c-35b553d8a1b1
286b72a6-44e8-429c-9ddf-7e6eca198a0a,1000000,f189aa1f-26e5-4fb4-93c9-f3915bc9f016,d5908b7c-4d45-4b00-92b1-90f71876cc3e,2012-08-24 14:00:00 +02:00,204,3e8b871a-f6f6-4bfc-852c-35b553d8a1b1
ea377d20-3017-4b1f-ba95-1099d4a05f14,1000000,f189aa1f-26e5-4fb4-93c9-f3915bc9f016,4373074b-0fe3-48b2-abbe-b0bb5f7a0a18,2012-08-24 14:00:00 +02:00,204,3e8b871a-f6f6-4bfc-852c-35b553d8a1b1
b33c05fd-ce83-4524-8203-d791dcdb5719,1000000,51238204-732e-4832-a474-db9fb4f317f9,1145fa59-c62f-4b7d-bf9d-40303167915f,2012-08-24 14:00:00 +02:00,204,3e8b871a-f6f6-4bfc-852c-35b553d8a1b1
c3bef495-0a7a-45bc-87a5-e17a4441db69,1000000,51238204-732e-4832-a474-db9fb4f317f9,4373074b-0fe3-48b2-abbe-b0bb5f7a0a18,2012-08-24 14:00:00 +02:00,204,3e8b871a-f6f6-4bfc-852c-35b553d8a1b1
62874460-bfd0-4b6e-b27a-368a0327d53b,1000000,4f90ec75-11f6-4931-a98d-ab92c3fa9d59,4eef8967-8bc7-40dd-bf54-a83797d3ea3d,2012-08-24 14:00:00 +02:00,204,3e8b871a-f6f6-4bfc-852c-35b553d8a1b1
53c9efc6-a9f0-4f50-b143-3bdd78214516,1000000,4f90ec75-11f6-4931-a98d-ab92c3fa9d59,4373074b-0fe3-48b2-abbe-b0bb5f7a0a18,2012-08-24 14:00:00 +02:00,204,3e8b871a-f6f6-4bfc-852c-35b553d8a1b1
221ab343-acb5-48f6-b1cb-6595a80dce9c,1000000,3ae8efe0-3b13-4ada-97d7-6136c158e8c5,9ad498db-8744-4089-92e3-a27cbf2fd830,2012-08-24 14:00:00 +02:00,204,3e8b871a-f6f6-4bfc-852c-35b553d8a1b1
a54fc31f-aff1-4432-ac43-24d059494ae0,1000000,3ae8efe0-3b13-4ada-97d7-6136c158e8c5,4373074b-0fe3-48b2-abbe-b0bb5f7a0a18,2012-08-24 14:00:00 +02:00,204,3e8b871a-f6f6-4bfc-852c-35b553d8a1b1
8639eea1-49b5-4070-bc50-7dd3cb88610b,1000000,ecc055e4-2b68-4778-a2b9-b6f5f5429734,d4181e49-7da9-4247-9a17-6ed8ca72af3c,2012-08-24 14:00:00 +02:00,204,3e8b871a-f6f6-4bfc-852c-35b553d8a1b1
c3432d4f-8925-4e53-9b03-d478aa5235f9,1000000,ecc055e4-2b68-4778-a2b9-b6f5f5429734,4373074b-0fe3-48b2-abbe-b0bb5f7a0a18,2012-08-24 14:00:00 +02:00,204,3e8b871a-f6f6-4bfc-852c-35b553d8a1b1
bb408915-3b9a-419b-bd06-bd6fa66dcf14,1000000,d2e8186b-734a-4769-b015-fa11bc12c0b2,515ded4b-8566-4dd0-a521-a7fc8fccc1eb,2012-08-24 14:00:00 +02:00,204,3e8b871a-f6f6-4bfc-852c-35b553d8a1b1
420176a9-5b07-4337-98e7-9267b35fd4ba,1000000,d2e8186b-734a-4769-b015-fa11bc12c0b2,4373074b-0fe3-48b2-abbe-b0bb5f7a0a18,2012-08-24 14:00:00 +02:00,204,3e8b871a-f6f6-4bfc-852c-35b553d8a1b1
54a419b6-1935-48f6-acee-392a5c843e2a,1000000,8376b47a-29d2-41dc-b31b-64782c2e39b3,b93494c3-be90-4fa2-8ec3-2036c360371a,2012-08-24 14:00:00 +02:00,204,3e8b871a-f6f6-4bfc-852c-35b553d8a1b1
84b82928-2aca-4d68-9231-801ebbbaf0df,1000000,8376b47a-29d2-41dc-b31b-64782c2e39b3,4373074b-0fe3-48b2-abbe-b0bb5f7a0a18,2012-08-24 14:00:00 +02:00,204,3e8b871a-f6f6-4bfc-852c-35b553d8a1b1
f9199c87-c56a-48b9-b955-a5ee88ba0708,1000000,73e82139-0352-4dbd-bbb6-9102d8ab512f,a06001c8-a8e0-4a7c-b6c9-6bec05c953fe,2012-08-24 14:00:00 +02:00,204,3e8b871a-f6f6-4bfc-852c-35b553d8a1b1
f748734e-baa1-4d56-8073-041cade0b631,1000000,73e82139-0352-4dbd-bbb6-9102d8ab512f,4373074b-0fe3-48b2-abbe-b0bb5f7a0a18,2012-08-24 14:00:00 +02:00,204,3e8b871a-f6f6-4bfc-852c-35b553d8a1b1
5e36934c-a5a6-4195-80fc-cb4273464af5,1000000,b0ff154c-2880-4726-addf-6f56692fb531,e77f1740-6db1-4c09-a82a-68fac6cbdbb7,2012-08-24 14:00:00 +02:00,204,3e8b871a-f6f6-4bfc-852c-35b553d8a1b1
5fbbee00-6724-4829-9ce7-2a8383a3e138,1000000,b0ff154c-2880-4726-addf-6f56692fb531,4373074b-0fe3-48b2-abbe-b0bb5f7a0a18,2012-08-24 14:00:00 +02:00,204,3e8b871a-f6f6-4bfc-852c-35b553d8a1b1
ab87affe-6bbb-4dd7-9ca5-3784c7fd9d95,1000000,9e16a0bd-a343-470b-a92a-39594fdd9cc5,9ad6e4b4-056c-4e44-968d-148f4a6e83e8,2012-08-24 14:00:00 +02:00,204,3e8b871a-f6f6-4bfc-852c-35b553d8a1b1
27167cf4-5558-48ed-b8cc-ebefc0608009,1000000,9e16a0bd-a343-470b-a92a-39594fdd9cc5,4373074b-0fe3-48b2-abbe-b0bb5f7a0a18,2012-08-24 14:00:00 +02:00,204,3e8b871a-f6f6-4bfc-852c-35b553d8a1b1
6d09c62d-ffdc-481d-816e-10d9169ea99f,1000000,ae8b900f-78b0-410d-8250-9fd3735568a9,d536ade4-c2d7-4d9a-a766-5c1d3f527fc0,2012-08-24 14:00:00 +02:00,204,3e8b871a-f6f6-4bfc-852c-35b553d8a1b1
cab94ee9-99b8-4fc4-ae0e-2133c76a7335,1000000,ae8b900f-78b0-410d-8250-9fd3735568a9,4373074b-0fe3-48b2-abbe-b0bb5f7a0a18,2012-08-24 14:00:00 +02:00,204,3e8b871a-f6f6-4bfc-852c-35b553d8a1b1
bf61a87c-2ee3-47e1-8636-139b9aac25a8,1000000,e78557a7-7e3e-4940-9aec-8523d5d9a70c,d87120bf-9079-4a3d-9621-c89167e202dd,2012-08-24 14:00:00 +02:00,204,3e8b871a-f6f6-4bfc-852c-35b553d8a1b1
84704ea8-cef5-489e-9ded-a3519fe98bb3,1000000,e78557a7-7e3e-4940-9aec-8523d5d9a70c,4373074b-0fe3-48b2-abbe-b0bb5f7a0a18,2012-08-24 14:00:00 +02:00,204,3e8b871a-f6f6-4bfc-852c-35b553d8a1b1
dc67e572-f79e-4d89-ab2b-0cd0957b9572,1000000,4528b5dc-e710-4d2f-ae17-27d3f9de71d9,c2a0bad0-8077-45e7-8877-64202b6548e3,2012-08-24 14:00:00 +02:00,204,3e8b871a-f6f6-4bfc-852c-35b553d8a1b1
9531c65b-e1da-40e5-9b03-310d412791d7,1000000,4528b5dc-e710-4d2f-ae17-27d3f9de71d9,4373074b-0fe3-48b2-abbe-b0bb5f7a0a18,2012-08-24 14:00:00 +02:00,204,3e8b871a-f6f6-4bfc-852c-35b553d8a1b1
8a88dbb7-16f3-4f2b-84b4-9d087fa7d173,1000000,157a0183-6971-4e0c-a677-077a8a03f289,a478dc3a-e748-44a5-a02a-0eea75d1802a,2012-08-24 14:00:00 +02:00,204,3e8b871a-f6f6-4bfc-852c-35b553d8a1b1
2c69e79e-077b-4572-9ab8-747818eb75e3,1000000,157a0183-6971-4e0c-a677-077a8a03f289,4373074b-0fe3-48b2-abbe-b0bb5f7a0a18,2012-08-24 14:00:00 +02:00,204,3e8b871a-f6f6-4bfc-852c-35b553d8a1b1
f6ab9b4a-093a-4aec-ac44-5b2441209212,1000000,e37889ae-9f67-45ff-bf8b-71abc16766da,da02b587-d14c-4b78-878b-13474149065d,2012-08-24 14:00:00 +02:00,204,3e8b871a-f6f6-4bfc-852c-35b553d8a1b1
1fc45f99-64e3-43c5-9dd7-7a33b93e47a3,1000000,e37889ae-9f67-45ff-bf8b-71abc16766da,4373074b-0fe3-48b2-abbe-b0bb5f7a0a18,2012-08-24 14:00:00 +02:00,204,3e8b871a-f6f6-4bfc-852c-35b553d8a1b1
0014f1e8-8dbd-4f8c-8951-079d6feb0596,1000000,cf3b8a61-bd14-4d80-a4c2-68ac1ed844c8,99ef426c-9b7c-413b-a078-eb1806caa978,2012-08-24 14:00:00 +02:00,204,3e8b871a-f6f6-4bfc-852c-35b553d8a1b1
90f500ce-6c95-48c1-b3a0-5e4bb36f833c,1000000,cf3b8a61-bd14-4d80-a4c2-68ac1ed844c8,4373074b-0fe3-48b2-abbe-b0bb5f7a0a18,2012-08-24 14:00:00 +02:00,204,3e8b871a-f6f6-4bfc-852c-35b553d8a1b1
672c09af-360f-4a4a-8231-4807b84c47d1,1000000,3b59377d-629d-4da2-a081-b482117188da,995ed891-b88b-4a9b-a0a0-13683427dab4,2012-08-24 14:00:00 +02:00,204,3e8b871a-f6f6-4bfc-852c-35b553d8a1b1
841882cd-e9ef-40a7-bc7e-6e66ad7d897b,1000000,3b59377d-629d-4da2-a081-b482117188da,4373074b-0fe3-48b2-abbe-b0bb5f7a0a18,2012-08-24 14:00:00 +02:00,204,3e8b871a-f6f6-4bfc-852c-35b553d8a1b1
e881808d-0f0a-40d9-a499-5c97707eac53,1000000,5e65f4d7-2856-4e30-a2af-02116f1ff505,ab28a663-1507-4b26-841f-e91c037f4c99,2012-08-24 14:00:00 +02:00,204,3e8b871a-f6f6-4bfc-852c-35b553d8a1b1
544e50d3-3248-4152-9aa8-cd2a37d9e379,1000000,5e65f4d7-2856-4e30-a2af-02116f1ff505,4373074b-0fe3-48b2-abbe-b0bb5f7a0a18,2012-08-24 14:00:00 +02:00,204,3e8b871a-f6f6-4bfc-852c-35b553d8a1b1
ee050102-6300-4cfc-b43b-019c59835bfd,1000000,6a98c782-6aca-4baf-b84b-1045831da6b2,237f49e5-584d-4c00-a64c-d6bc95e3dc90,2012-08-24 14:00:00 +02:00,204,3e8b871a-f6f6-4bfc-852c-35b553d8a1b1
51ffd645-8c66-4e10-8f12-ab3ab3bc2a97,1000000,6a98c782-6aca-4baf-b84b-1045831da6b2,4373074b-0fe3-48b2-abbe-b0bb5f7a0a18,2012-08-24 14:00:00 +02:00,204,3e8b871a-f6f6-4bfc-852c-35b553d8a1b1
15316fdd-da10-4259-bddb-ce3cbb1031f8,1000000,1ce188d4-c04e-42c4-be2e-d9bbdd7edd20,34b8da1e-116a-42a4-9373-1a6ac3afae74,2012-08-24 14:00:00 +02:00,204,3e8b871a-f6f6-4bfc-852c-35b553d8a1b1
34758bdd-18df-46ef-abf1-67196a430f9c,1000000,1ce188d4-c04e-42c4-be2e-d9bbdd7edd20,4373074b-0fe3-48b2-abbe-b0bb5f7a0a18,2012-08-24 14:00:00 +02:00,204,3e8b871a-f6f6-4bfc-852c-35b553d8a1b1
26623e09-df55-43ef-a285-f502ac50c881,1000000,82ab08e3-3fd8-468d-b19d-7fb4c5e1932e,56275ffe-f780-4190-ac84-cbd5170b09d8,2012-08-24 14:00:00 +02:00,204,3e8b871a-f6f6-4bfc-852c-35b553d8a1b1
6c645dc9-bb1b-4a69-be11-228761bf7b69,1000000,82ab08e3-3fd8-468d-b19d-7fb4c5e1932e,4373074b-0fe3-48b2-abbe-b0bb5f7a0a18,2012-08-24 14:00:00 +02:00,204,3e8b871a-f6f6-4bfc-852c-35b553d8a1b1
698090f7-7106-4659-8639-640dc7ad1c5a,1000000,4f3b88ac-a6da-428a-8386-e230d663cea5,7c20ca87-ec43-4163-80b1-a3865093d187,2012-08-24 14:00:00 +02:00,204,3e8b871a-f6f6-4bfc-852c-35b553d8a1b1
5fa43bae-2aec-4402-9efe-e2039ee392ec,1000000,4f3b88ac-a6da-428a-8386-e230d663cea5,4373074b-0fe3-48b2-abbe-b0bb5f7a0a18,2012-08-24 14:00:00 +02:00,204,3e8b871a-f6f6-4bfc-852c-35b553d8a1b1
5affff84-6343-4acb-bf6c-98d193a6a494,1000000,071c92e6-a29b-4c3b-a774-874d4b2b6880,11121181-bc85-4357-81c6-2cc64ad738fb,2012-08-24 14:00:00 +02:00,204,3e8b871a-f6f6-4bfc-852c-35b553d8a1b1
3ce1a935-d8ce-48a4-bf4f-52b44995e040,1000000,071c92e6-a29b-4c3b-a774-874d4b2b6880,4373074b-0fe3-48b2-abbe-b0bb5f7a0a18,2012-08-24 14:00:00 +02:00,204,3e8b871a-f6f6-4bfc-852c-35b553d8a1b1
07c8196b-ac12-4a93-a731-79e27546d54b,1000000,6adc51bb-fc66-4040-a928-f0cbe9800533,70b1f989-de54-4e95-a9d8-55c635e0f14f,2012-08-24 14:00:00 +02:00,204,3e8b871a-f6f6-4bfc-852c-35b553d8a1b1
7771833b-8ccb-467c-a16f-7d3152b5d9fa,1000000,6adc51bb-fc66-4040-a928-f0cbe9800533,4373074b-0fe3-48b2-abbe-b0bb5f7a0a18,2012-08-24 14:00:00 +02:00,204,3e8b871a-f6f6-4bfc-852c-35b553d8a1b1
5319e12d-d857-4004-aec2-2197943c8d8f,1000000,a5e4ce01-72e1-408b-b854-9616314823b6,b1749b8e-9d37-422e-aba1-0ab2107b21a5,2012-08-24 14:00:00 +02:00,204,3e8b871a-f6f6-4bfc-852c-35b553d8a1b1
261c3930-9854-4634-8422-0bcaedb11ab9,1000000,a5e4ce01-72e1-408b-b854-9616314823b6,4373074b-0fe3-48b2-abbe-b0bb5f7a0a18,2012-08-24 14:00:00 +02:00,204,3e8b871a-f6f6-4bfc-852c-35b553d8a1b1
e6d353c6-07c9-4e14-9266-3e5abe670b21,1000000,5fcd7d15-1aff-4279-9c45-1e4ae0555d7a,d3dc59e0-c267-4eeb-bfc0-73e0cb866fec,2012-08-24 14:00:00 +02:00,204,3e8b871a-f6f6-4bfc-852c-35b553d8a1b1
07729371-0879-43e6-85e7-c5e4e11e13b9,1000000,5fcd7d15-1aff-4279-9c45-1e4ae0555d7a,4373074b-0fe3-48b2-abbe-b0bb5f7a0a18,2012-08-24 14:00:00 +02:00,204,3e8b871a-f6f6-4bfc-852c-35b553d8a1b1
bc22b55a-30a5-40a5-a0dc-79f489ae6eaf,1000000,280e21a6-e525-42cb-abe5-c7a9e7c9a3b2,f0d7e8fe-cc5a-4de6-8ef1-fd15f6ceb487,2012-08-24 14:00:00 +02:00,204,3e8b871a-f6f6-4bfc-852c-35b553d8a1b1
6f649661-0c76-45e2-ab32-206925e5dc45,1000000,280e21a6-e525-42cb-abe5-c7a9e7c9a3b2,4373074b-0fe3-48b2-abbe-b0bb5f7a0a18,2012-08-24 14:00:00 +02:00,204,3e8b871a-f6f6-4bfc-852c-35b553d8a1b1
052cf434-293b-4180-b2e0-3c710709cea6,1000000,9c9b5dda-ede7-4cec-8716-293c63dcb8e3,78358fe9-a127-47cf-976f-2a26067e6444,2012-08-24 14:00:00 +02:00,204,3e8b871a-f6f6-4bfc-852c-35b553d8a1b1
5a1e03d1-47bb-4783-b6aa-05d2663d743b,1000000,9c9b5dda-ede7-4cec-8716-293c63dcb8e3,4373074b-0fe3-48b2-abbe-b0bb5f7a0a18,2012-08-24 14:00:00 +02:00,204,3e8b871a-f6f6-4bfc-852c-35b553d8a1b1
3a07fa66-57d9-4dfd-ac8e-0d928a60c9d2,1000000,d51e95ec-c082-458b-89d5-ec3b1b3c2d59,2fb880f4-26d6-406c-afac-260b6d09f427,2012-08-24 14:00:00 +02:00,204,3e8b871a-f6f6-4bfc-852c-35b553d8a1b1
b34baefd-bbd3-4758-829b-59513a022cf3,1000000,d51e95ec-c082-458b-89d5-ec3b1b3c2d59,4373074b-0fe3-48b2-abbe-b0bb5f7a0a18,2012-08-24 14:00:00 +02:00,204,3e8b871a-f6f6-4bfc-852c-35b553d8a1b1
4c20c743-e85f-4b41-bc80-ed951c8a910b,1000000,0c95c4b0-89c9-4da1-9a9d-1b38961ca214,08235b29-3537-4bb7-8dc6-31da9c08d0fc,2012-08-24 14:00:00 +02:00,204,3e8b871a-f6f6-4bfc-852c-35b553d8a1b1
7041622d-5271-4396-b282-5a387eea491a,1000000,0c95c4b0-89c9-4da1-9a9d-1b38961ca214,4373074b-0fe3-48b2-abbe-b0bb5f7a0a18,2012-08-24 14:00:00 +02:00,204,3e8b871a-f6f6-4bfc-852c-35b553d8a1b1
9b357aed-6a5c-4a6b-ae8d-625f5ffff0c2,1000000,7b3e84f0-5a50-4970-8072-8917d2833c2b,c4d490c1-fcea-40c5-9aea-fb40eab44494,2012-08-24 14:00:00 +02:00,204,3e8b871a-f6f6-4bfc-852c-35b553d8a1b1
b3fa8a33-8bc1-4153-acd1-09b9dc8e9cf4,1000000,7b3e84f0-5a50-4970-8072-8917d2833c2b,4373074b-0fe3-48b2-abbe-b0bb5f7a0a18,2012-08-24 14:00:00 +02:00,204,3e8b871a-f6f6-4bfc-852c-35b553d8a1b1
6e255481-5ded-401e-a4a6-170487b1cd88,1000000,cb2f572c-2c83-43a3-82e2-79e07682c5f1,fe28e9d2-d2cb-462f-898d-d738f3536681,2012-08-24 14:00:00 +02:00,204,3e8b871a-f6f6-4bfc-852c-35b553d8a1b1
77c8a81d-7631-44a7-beb7-98178cdb544d,1000000,cb2f572c-2c83-43a3-82e2-79e07682c5f1,4373074b-0fe3-48b2-abbe-b0bb5f7a0a18,2012-08-24 14:00:00 +02:00,204,3e8b871a-f6f6-4bfc-852c-35b553d8a1b1
abf48ccd-e6f4-40a5-8e2e-6fed9e0494ae,1000000,3d5d6ee7-7979-472b-9105-daba0cceacf2,82c1b3ba-cbf7-4eef-befe-056bde056f42,2012-08-24 14:00:00 +02:00,204,3e8b871a-f6f6-4bfc-852c-35b553d8a1b1
3a124742-c029-4235-8d20-eebc3337a68d,1000000,3d5d6ee7-7979-472b-9105-daba0cceacf2,4373074b-0fe3-48b2-abbe-b0bb5f7a0a18,2012-08-24 14:00:00 +02:00,204,3e8b871a-f6f6-4bfc-852c-35b553d8a1b1
2885337b-461a-4320-b338-a33ca3099d86,1000000,c0af6262-1d2d-4875-8169-6525f2728a96,8cb78153-8866-4c4e-9120-0d4ff7a82376,2012-08-24 14:00:00 +02:00,204,3e8b871a-f6f6-4bfc-852c-35b553d8a1b1
f497adff-eef9-4e87-91d8-08003ac49d4e,1000000,c0af6262-1d2d-4875-8169-6525f2728a96,4373074b-0fe3-48b2-abbe-b0bb5f7a0a18,2012-08-24 14:00:00 +02:00,204,3e8b871a-f6f6-4bfc-852c-35b553d8a1b1
17e7e04a-61d2-4d42-a7a6-6564066eb546,1000000,4924e4c0-4e4a-4500-bf95-f2739a6cd059,94f0ac3d-30eb-46c3-8d6a-61e1e9190ced,2012-08-24 14:00:00 +02:00,204,3e8b871a-f6f6-4bfc-852c-35b553d8a1b1
9fa116e6-78c7-449d-a255-a73397ccf184,1000000,4924e4c0-4e4a-4500-bf95-f2739a6cd059,4373074b-0fe3-48b2-abbe-b0bb5f7a0a18,2012-08-24 14:00:00 +02:00,204,3e8b871a-f6f6-4bfc-852c-35b553d8a1b1
f2f1f4f9-ea73-495f-9c1b-3b147183037f,1000000,6adb23c2-5ab2-479e-b3dd-1b7db1f31480,ba6dbe58-3914-49ec-9941-c9d3835cc97b,2012-08-24 14:00:00 +02:00,204,3e8b871a-f6f6-4bfc-852c-35b553d8a1b1
ac32464f-272b-4571-aafe-4332609d8886,1000000,6adb23c2-5ab2-479e-b3dd-1b7db1f31480,4373074b-0fe3-48b2-abbe-b0bb5f7a0a18,2012-08-24 14:00:00 +02:00,204,3e8b871a-f6f6-4bfc-852c-35b553d8a1b1
8904a92c-734d-4c14-89a4-b5e79d42efb1,1000000,2191d128-197a-43bf-ba96-ce955e94ed29,e4768e53-0df0-4100-b1d8-ac70c14e5dd6,2012-08-24 14:00:00 +02:00,204,3e8b871a-f6f6-4bfc-852c-35b553d8a1b1
f7cd0dc6-e4ec-4efe-8f19-394adabe0a1c,1000000,2191d128-197a-43bf-ba96-ce955e94ed29,4373074b-0fe3-48b2-abbe-b0bb5f7a0a18,2012-08-24 14:00:00 +02:00,204,3e8b871a-f6f6-4bfc-852c-35b553d8a1b1
83d08de0-223a-4df1-95de-040b3a84d65f,1000000,f81ca782-cb24-492e-8496-c242612ac61e,f5ddb5d9-3120-4a39-a7c4-6bc9dac04c37,2012-08-24 14:00:00 +02:00,204,3e8b871a-f6f6-4bfc-852c-35b553d8a1b1
d8267852-0a2e-4000-a59a-dda0e6cb85b3,1000000,f81ca782-cb24-492e-8496-c242612ac61e,4373074b-0fe3-48b2-abbe-b0bb5f7a0a18,2012-08-24 14:00:00 +02:00,204,3e8b871a-f6f6-4bfc-852c-35b553d8a1b1
a5b465b0-e61f-4ed6-9ede-3fe64e17dfda,1000000,8c1ef95b-bef1-459e-a8b3-67d468277cb2,4c3adc73-165d-4b64-8439-084abbd42255,2012-08-24 14:00:00 +02:00,204,3e8b871a-f6f6-4bfc-852c-35b553d8a1b1
f37b77e9-b42b-46ad-b3f1-03e7e9d015c3,1000000,8c1ef95b-bef1-459e-a8b3-67d468277cb2,4373074b-0fe3-48b2-abbe-b0bb5f7a0a18,2012-08-24 14:00:00 +02:00,204,3e8b871a-f6f6-4bfc-852c-35b553d8a1b1
9a82c9a0-521b-495d-b4af-8dcb830c5d30,1000000,06ef7604-dfff-42e6-86ca-b555a2efd3dc,ed0fc520-fb60-411c-9151-f4aa5ce979b9,2012-08-24 14:00:00 +02:00,204,3e8b871a-f6f6-4bfc-852c-35b553d8a1b1
cad33f67-e302-4989-97cf-1567ec5ab083,1000000,06ef7604-dfff-42e6-86ca-b555a2efd3dc,4373074b-0fe3-48b2-abbe-b0bb5f7a0a18,2012-08-24 14:00:00 +02:00,204,3e8b871a-f6f6-4bfc-852c-35b553d8a1b1
27c9d123-4b82-4fb8-95f8-c3bc80075628,1000000,8e74cd14-e4a9-4a10-bdcb-d2044c2e7421,ff44de84-f315-46e1-a665-95f61d82dc35,2012-08-24 14:00:00 +02:00,204,3e8b871a-f6f6-4bfc-852c-35b553d8a1b1
87620ee8-400f-4f62-9fef-2b7bbe463896,1000000,8e74cd14-e4a9-4a10-bdcb-d2044c2e7421,4373074b-0fe3-48b2-abbe-b0bb5f7a0a18,2012-08-24 14:00:00 +02:00,204,3e8b871a-f6f6-4bfc-852c-35b553d8a1b1
629fdb17-9d86-4b5f-9aa2-3efc9ac0bf87,1000000,7faf1a90-cf9c-4cec-a0e1-0619d3768148,70241e62-2965-444d-90d2-4c423e266df8,2012-08-24 14:00:00 +02:00,204,3e8b871a-f6f6-4bfc-852c-35b553d8a1b1
c16278f5-8d89-4d40-8c1e-6545d8980bfb,1000000,7faf1a90-cf9c-4cec-a0e1-0619d3768148,4373074b-0fe3-48b2-abbe-b0bb5f7a0a18,2012-08-24 14:00:00 +02:00,204,3e8b871a-f6f6-4bfc-852c-35b553d8a1b1
bf1fc9c8-4981-4017-a2ab-9a2f476aea23,1000000,4ae7cfb6-93df-496c-b056-d4a08d9c3dd6,d4ff650b-dc6f-4025-a870-390e07366480,2012-08-24 14:00:00 +02:00,204,3e8b871a-f6f6-4bfc-852c-35b553d8a1b1
9f90a615-6ceb-448e-9751-d53459718c7d,1000000,4ae7cfb6-93df-496c-b056-d4a08d9c3dd6,4373074b-0fe3-48b2-abbe-b0bb5f7a0a18,2012-08-24 14:00:00 +02:00,204,3e8b871a-f6f6-4bfc-852c-35b553d8a1b1
54a3c4aa-e6a5-45ea-a505-2bf11e896512,1000000,fafe9c18-c1fa-4e3d-abf1-1742e0af7c2f,f11fa6a3-2748-4fe3-bcc7-0823a815efbc,2012-08-24 14:00:00 +02:00,204,3e8b871a-f6f6-4bfc-852c-35b553d8a1b1
2765abdc-7137-4860-8106-e4cb72fe3210,1000000,fafe9c18-c1fa-4e3d-abf1-1742e0af7c2f,4373074b-0fe3-48b2-abbe-b0bb5f7a0a18,2012-08-24 14:00:00 +02:00,204,3e8b871a-f6f6-4bfc-852c-35b553d8a1b1
91ec9b6f-7f0f-40eb-a580-77e264b04507,1000000,e0aacb96-32df-4aa6-a9db-d7246c82ca0f,3ed528f9-3c16-4c84-9f6f-5864070202c4,2012-08-24 14:00:00 +02:00,204,3e8b871a-f6f6-4bfc-852c-35b553d8a1b1
1572f9d2-d4dc-4a0a-a248-e852c7317ec6,1000000,e0aacb96-32df-4aa6-a9db-d7246c82ca0f,4373074b-0fe3-48b2-abbe-b0bb5f7a0a18,2012-08-24 14:00:00 +02:00,204,3e8b871a-f6f6-4bfc-852c-35b553d8a1b1
e488c78f-82db-4caa-a595-b39a12422b19,1000000,b6be75bc-9619-49ff-a94c-dc680d42df2e,0171557e-9484-4ad8-98d0-82aaf2c081c0,2012-08-24 14:00:00 +02:00,204,3e8b871a-f6f6-4bfc-852c-35b553d8a1b1
3a0848c3-2a62-4248-94b8-a6e8d7bb1acd,1000000,b6be75bc-9619-49ff-a94c-dc680d42df2e,4373074b-0fe3-48b2-abbe-b0bb5f7a0a18,2012-08-24 14:00:00 +02:00,204,3e8b871a-f6f6-4bfc-852c-35b553d8a1b1
772d26fd-ca90-412c-ab46-bb93ae40d5b7,1000000,4e8b0cd7-3ba9-4429-914a-9009e7f5f301,1699041f-d1b4-4019-9fc1-6a13be7060de,2012-08-24 14:00:00 +02:00,204,3e8b871a-f6f6-4bfc-852c-35b553d8a1b1
d4fe921b-060a-440e-a325-e45438547fc1,1000000,4e8b0cd7-3ba9-4429-914a-9009e7f5f301,4373074b-0fe3-48b2-abbe-b0bb5f7a0a18,2012-08-24 14:00:00 +02:00,204,3e8b871a-f6f6-4bfc-852c-35b553d8a1b1
d730eb3f-9ca7-4050-b9ad-4a1119bb9be8,1000000,9b843dfa-ace1-47e1-bdeb-44c880e8b4d0,fcd16442-ade0-4dc4-9893-bd7aad6f353b,2012-08-24 14:00:00 +02:00,204,3e8b871a-f6f6-4bfc-852c-35b553d8a1b1
5f04a840-defd-4447-b7ed-25c9b9304fc3,1000000,9b843dfa-ace1-47e1-bdeb-44c880e8b4d0,4373074b-0fe3-48b2-abbe-b0bb5f7a0a18,2012-08-24 14:00:00 +02:00,204,3e8b871a-f6f6-4bfc-852c-35b553d8a1b1
350450c0-3bc0-4d29-954a-a142a2e664a8,1000000,20aaf386-f06b-4f82-9d13-b6374ec8db18,8b7302ab-be13-4c9e-acb6-78d8af01b90d,2012-08-24 14:00:00 +02:00,204,3e8b871a-f6f6-4bfc-852c-35b553d8a1b1
9e21cd2e-248b-4bed-8b54-db8fdeb0a41b,1000000,20aaf386-f06b-4f82-9d13-b6374ec8db18,4373074b-0fe3-48b2-abbe-b0bb5f7a0a18,2012-08-24 14:00:00 +02:00,204,3e8b871a-f6f6-4bfc-852c-35b553d8a1b1
50df384e-8af1-4cad-8da5-fdda21db0032,1000000,5a4be6f0-fbf3-4e54-9f3d-f1f70ce4fb55,12244fa4-fad6-46d2-b2ce-621aeaea1341,2012-08-24 14:00:00 +02:00,204,3e8b871a-f6f6-4bfc-852c-35b553d8a1b1
d77d3d20-0cf5-4c3d-8162-0765323c7159,1000000,5a4be6f0-fbf3-4e54-9f3d-f1f70ce4fb55,4373074b-0fe3-48b2-abbe-b0bb5f7a0a18,2012-08-24 14:00:00 +02:00,204,3e8b871a-f6f6-4bfc-852c-35b553d8a1b1
dd707c24-f5ef-44b9-b283-ef2a7e5b2327,1000000,f189aa1f-26e5-4fb4-93c9-f3915bc9f016,c1bfe979-6ef0-4c0d-867e-d4eda3c990a3,2012-08-24 14:00:00 +02:00,204,3e8b871a-f6f6-4bfc-852c-35b553d8a1b1
b80cfbce-93ec-457b-a9db-70b9a0a708f6,1000000,f189aa1f-26e5-4fb4-93c9-f3915bc9f016,4373074b-0fe3-48b2-abbe-b0bb5f7a0a18,2012-08-24 14:00:00 +02:00,204,3e8b871a-f6f6-4bfc-852c-35b553d8a1b1
8ed4bedf-eaf9-4a5d-8d69-2ca00f821def,1000000,51238204-732e-4832-a474-db9fb4f317f9,0efb8569-169e-4fc0-9d3d-6af258a82716,2012-08-24 14:00:00 +02:00,204,3e8b871a-f6f6-4bfc-852c-35b553d8a1b1
c58dcc4a-be44-45b6-bb6f-3673336f36fc,1000000,51238204-732e-4832-a474-db9fb4f317f9,4373074b-0fe3-48b2-abbe-b0bb5f7a0a18,2012-08-24 14:00:00 +02:00,204,3e8b871a-f6f6-4bfc-852c-35b553d8a1b1
57eaf6e7-7cb5-42c4-9adf-52fcbdf1855c,1000000,b79821f8-4d93-43fe-9fd0-ec795d403126,4f90ec75-11f6-4931-a98d-ab92c3fa9d59,2012-08-24 14:00:00 +02:00,204,3e8b871a-f6f6-4bfc-852c-35b553d8a1b1
33cdb982-e4f3-4f28-91cc-f2ffb7e1d85d,1000000,b79821f8-4d93-43fe-9fd0-ec795d403126,c5d893cc-a884-46d7-896e-a4124c4001d7,2012-08-24 14:00:00 +02:00,204,3e8b871a-f6f6-4bfc-852c-35b553d8a1b1
74674282-2f04-48f0-97d9-002ab065ae1e,1000000,b79821f8-4d93-43fe-9fd0-ec795d403126,3ae8efe0-3b13-4ada-97d7-6136c158e8c5,2012-08-24 14:00:00 +02:00,204,3e8b871a-f6f6-4bfc-852c-35b553d8a1b1
f41655a1-db7d-4d1a-b4bf-f00eaf6c39e1,1000000,b79821f8-4d93-43fe-9fd0-ec795d403126,efd996e1-29bb-423d-8c91-621dff4906ce,2012-08-24 14:00:00 +02:00,204,3e8b871a-f6f6-4bfc-852c-35b553d8a1b1
539b70c8-671e-44c9-a4b0-c48f4e074e0b,1000000,b79821f8-4d93-43fe-9fd0-ec795d403126,ecc055e4-2b68-4778-a2b9-b6f5f5429734,2012-08-24 14:00:00 +02:00,204,3e8b871a-f6f6-4bfc-852c-35b553d8a1b1
0f3e5fff-92a2-4d98-aa83-c0c8815ae8e4,1000000,b79821f8-4d93-43fe-9fd0-ec795d403126,16e3a333-e617-4bac-88a2-491c93145eb6,2012-08-24 14:00:00 +02:00,204,3e8b871a-f6f6-4bfc-852c-35b553d8a1b1
be79615a-6f05-4fc3-b058-d1e32e67ceb2,1000000,b79821f8-4d93-43fe-9fd0-ec795d403126,d2e8186b-734a-4769-b015-fa11bc12c0b2,2012-08-24 14:00:00 +02:00,204,3e8b871a-f6f6-4bfc-852c-35b553d8a1b1
465030f5-7eb9-49cf-9d6b-5afae300f55c,1000000,b79821f8-4d93-43fe-9fd0-ec795d403126,127fa18f-4eb5-47b6-abdb-4b4d028653f7,2012-08-24 14:00:00 +02:00,204,3e8b871a-f6f6-4bfc-852c-35b553d8a1b1
3605ad51-088e-4bef-9f4b-4e5c333df8d0,1000000,b79821f8-4d93-43fe-9fd0-ec795d403126,8376b47a-29d2-41dc-b31b-64782c2e39b3,2012-08-24 14:00:00 +02:00,204,3e8b871a-f6f6-4bfc-852c-35b553d8a1b1
bf536e4f-05ee-40de-8c08-f38c4f37cdf3,1000000,b79821f8-4d93-43fe-9fd0-ec795d403126,cc936657-1c9a-4bc9-9925-873d12acd282,2012-08-24 14:00:00 +02:00,204,3e8b871a-f6f6-4bfc-852c-35b553d8a1b1
ffab2ed9-fb11-4a5b-bafe-db5651e88632,1000000,b79821f8-4d93-43fe-9fd0-ec795d403126,73e82139-0352-4dbd-bbb6-9102d8ab512f,2012-08-24 14:00:00 +02:00,204,3e8b871a-f6f6-4bfc-852c-35b553d8a1b1
7ec384c6-2833-4ea2-8697-1ca7621a5e24,1000000,b79821f8-4d93-43fe-9fd0-ec795d403126,3081622a-2d11-4606-9c87-9ded0937f42c,2012-08-24 14:00:00 +02:00,204,3e8b871a-f6f6-4bfc-852c-35b553d8a1b1
3784b07b-8d58-43fb-94b9-bf263de538bb,1000000,b79821f8-4d93-43fe-9fd0-ec795d403126,b0ff154c-2880-4726-addf-6f56692fb531,2012-08-24 14:00:00 +02:00,204,3e8b871a-f6f6-4bfc-852c-35b553d8a1b1
dfc9adbc-50c5-4245-8b4b-c9ed1bbc6082,1000000,b79821f8-4d93-43fe-9fd0-ec795d403126,b1bd4a02-dd87-4d4b-a36f-cba29c270287,2012-08-24 14:00:00 +02:00,204,3e8b871a-f6f6-4bfc-852c-35b553d8a1b1
a50ca271-e636-432d-93f7-35b59fb61967,1000000,b79821f8-4d93-43fe-9fd0-ec795d403126,9e16a0bd-a343-470b-a92a-39594fdd9cc5,2012-08-24 14:00:00 +02:00,204,3e8b871a-f6f6-4bfc-852c-35b553d8a1b1
c36dbed3-911c-4221-b620-5cec22ed8e40,1000000,b79821f8-4d93-43fe-9fd0-ec795d403126,e89184b6-1f99-477a-938a-b83668679964,2012-08-24 14:00:00 +02:00,204,3e8b871a-f6f6-4bfc-852c-35b553d8a1b1
ed91b118-bd0b-4cdd-a19c-58477dd8a1e8,1000000,b79821f8-4d93-43fe-9fd0-ec795d403126,ae8b900f-78b0-410d-8250-9fd3735568a9,2012-08-24 14:00:00 +02:00,204,3e8b871a-f6f6-4bfc-852c-35b553d8a1b1
1bba1ab8-d4c2-4e5a-bbdd-9cb32290cb79,1000000,b79821f8-4d93-43fe-9fd0-ec795d403126,7ee95a50-30f6-4ce2-baaf-30228a9d0d42,2012-08-24 14:00:00 +02:00,204,3e8b871a-f6f6-4bfc-852c-35b553d8a1b1
d1b6a948-a996-4d41-baab-966692dc0a61,1000000,b79821f8-4d93-43fe-9fd0-ec795d403126,e78557a7-7e3e-4940-9aec-8523d5d9a70c,2012-08-24 14:00:00 +02:00,204,3e8b871a-f6f6-4bfc-852c-35b553d8a1b1
e04f8a0e-803e-4c45-84fd-78b154ff335c,1000000,b79821f8-4d93-43fe-9fd0-ec795d403126,d9f7f6f3-0764-4a5f-bba9-8044049b198a,2012-08-24 14:00:00 +02:00,204,3e8b871a-f6f6-4bfc-852c-35b553d8a1b1
300386c3-f585-4446-a56a-e142b1c4aacf,1000000,b79821f8-4d93-43fe-9fd0-ec795d403126,4528b5dc-e710-4d2f-ae17-27d3f9de71d9,2012-08-24 14:00:00 +02:00,204,3e8b871a-f6f6-4bfc-852c-35b553d8a1b1
ab6ecfc8-6cf6-443c-bac8-5dfdac02534a,1000000,b79821f8-4d93-43fe-9fd0-ec795d403126,ab3d5481-31b2-4629-beae-3c563e322f83,2012-08-24 14:00:00 +02:00,204,3e8b871a-f6f6-4bfc-852c-35b553d8a1b1
905f480c-706c-4db8-bee3-f0b51b080680,1000000,b79821f8-4d93-43fe-9fd0-ec795d403126,157a0183-6971-4e0c-a677-077a8a03f289,2012-08-24 14:00:00 +02:00,204,3e8b871a-f6f6-4bfc-852c-35b553d8a1b1
090caf92-ce3c-41a5-a08f-ea9a48370417,1000000,b79821f8-4d93-43fe-9fd0-ec795d403126,60d0dd04-8fc3-4dd4-a6de-e6459a298080,2012-08-24 14:00:00 +02:00,204,3e8b871a-f6f6-4bfc-852c-35b553d8a1b1
4e52da89-2002-4ea0-a8e2-f67135762cd3,1000000,b79821f8-4d93-43fe-9fd0-ec795d403126,e37889ae-9f67-45ff-bf8b-71abc16766da,2012-08-24 14:00:00 +02:00,204,3e8b871a-f6f6-4bfc-852c-35b553d8a1b1
b8dbab56-5d28-43f8-8600-2d517dd17b06,1000000,b79821f8-4d93-43fe-9fd0-ec795d403126,5d203415-1e8a-47d4-97ca-ae8753860fdb,2012-08-24 14:00:00 +02:00,204,3e8b871a-f6f6-4bfc-852c-35b553d8a1b1
8facd25f-414c-4949-a314-ed8d830c21af,1000000,b79821f8-4d93-43fe-9fd0-ec795d403126,cf3b8a61-bd14-4d80-a4c2-68ac1ed844c8,2012-08-24 14:00:00 +02:00,204,3e8b871a-f6f6-4bfc-852c-35b553d8a1b1
0da702cf-3c90-4ed0-abe1-2f0f7fafd775,1000000,b79821f8-4d93-43fe-9fd0-ec795d403126,9146126d-2270-4bae-ac3c-3118a940f280,2012-08-24 14:00:00 +02:00,204,3e8b871a-f6f6-4bfc-852c-35b553d8a1b1
c499cc7f-2b72-456c-ad7e-d3ab8f28ae40,1000000,b79821f8-4d93-43fe-9fd0-ec795d403126,3b59377d-629d-4da2-a081-b482117188da,2012-08-24 14:00:00 +02:00,204,3e8b871a-f6f6-4bfc-852c-35b553d8a1b1
1c7018ce-1a74-4716-becb-09f3b3ffd806,1000000,b79821f8-4d93-43fe-9fd0-ec795d403126,b27b0839-31a7-4f22-acc4-b4c57846cb1f,2012-08-24 14:00:00 +02:00,204,3e8b871a-f6f6-4bfc-852c-35b553d8a1b1
34d4b3e5-606a-4760-972d-c339c60c6287,1000000,b79821f8-4d93-43fe-9fd0-ec795d403126,5e65f4d7-2856-4e30-a2af-02116f1ff505,2012-08-24 14:00:00 +02:00,204,3e8b871a-f6f6-4bfc-852c-35b553d8a1b1
30cfcfae-0894-41b5-8e6a-88d107aa3034,1000000,b79821f8-4d93-43fe-9fd0-ec795d403126,3de26c9a-936a-492c-9e38-f34d2b18c96c,2012-08-24 14:00:00 +02:00,204,3e8b871a-f6f6-4bfc-852c-35b553d8a1b1
158f7712-0c56-4dd1-a282-28591814420d,1000000,b79821f8-4d93-43fe-9fd0-ec795d403126,6a98c782-6aca-4baf-b84b-1045831da6b2,2012-08-24 14:00:00 +02:00,204,3e8b871a-f6f6-4bfc-852c-35b553d8a1b1
b2401eee-503b-4583-89b8-734dc10285fc,1000000,b79821f8-4d93-43fe-9fd0-ec795d403126,cf1d63b1-e12c-49e4-a9a6-9104c7df30e0,2012-08-24 14:00:00 +02:00,204,3e8b871a-f6f6-4bfc-852c-35b553d8a1b1
92db884d-30ba-4625-919e-116fc7ccddb2,1000000,b79821f8-4d93-43fe-9fd0-ec795d403126,1ce188d4-c04e-42c4-be2e-d9bbdd7edd20,2012-08-24 14:00:00 +02:00,204,3e8b871a-f6f6-4bfc-852c-35b553d8a1b1
a7e4b41b-051f-4ea9-b1a1-a39eb68ccf9f,1000000,b79821f8-4d93-43fe-9fd0-ec795d403126,e3a1dd7a-97eb-4f17-9e89-04d78048eb07,2012-08-24 14:00:00 +02:00,204,3e8b871a-f6f6-4bfc-852c-35b553d8a1b1
01cc6f22-7bd1-425c-a6d3-411c2b49dca4,1000000,b79821f8-4d93-43fe-9fd0-ec795d403126,82ab08e3-3fd8-468d-b19d-7fb4c5e1932e,2012-08-24 14:00:00 +02:00,204,3e8b871a-f6f6-4bfc-852c-35b553d8a1b1
38664e8f-9869-45fa-a8f2-9fd864013a02,1000000,b79821f8-4d93-43fe-9fd0-ec795d403126,d5299c03-5aef-4742-9779-5f582aa3fa5e,2012-08-24 14:00:00 +02:00,204,3e8b871a-f6f6-4bfc-852c-35b553d8a1b1
ad1f741e-7504-4fa5-9da7-5db5a288f21c,1000000,b79821f8-4d93-43fe-9fd0-ec795d403126,4f3b88ac-a6da-428a-8386-e230d663cea5,2012-08-24 14:00:00 +02:00,204,3e8b871a-f6f6-4bfc-852c-35b553d8a1b1
f95e70e5-3893-4e41-96a9-1925eefb29ae,1000000,b79821f8-4d93-43fe-9fd0-ec795d403126,57d9dbc5-b30f-4f8c-bd0b-ceeabd3ff759,2012-08-24 14:00:00 +02:00,204,3e8b871a-f6f6-4bfc-852c-35b553d8a1b1
d788197a-074d-4fb0-ace6-f45c0ecb390d,1000000,b79821f8-4d93-43fe-9fd0-ec795d403126,071c92e6-a29b-4c3b-a774-874d4b2b6880,2012-08-24 14:00:00 +02:00,204,3e8b871a-f6f6-4bfc-852c-35b553d8a1b1
09f318c3-bcb1-4981-833f-a3beb0af45d1,1000000,b79821f8-4d93-43fe-9fd0-ec795d403126,63c35fa9-e714-4688-92bd-57ad420bec1e,2012-08-24 14:00:00 +02:00,204,3e8b871a-f6f6-4bfc-852c-35b553d8a1b1
ee5ee186-f40c-4744-abc6-180aa0da8d9b,1000000,b79821f8-4d93-43fe-9fd0-ec795d403126,6adc51bb-fc66-4040-a928-f0cbe9800533,2012-08-24 14:00:00 +02:00,204,3e8b871a-f6f6-4bfc-852c-35b553d8a1b1
9442db4d-087e-4a83-824f-1d9f63b1f0cf,1000000,b79821f8-4d93-43fe-9fd0-ec795d403126,63bf55ed-402b-45a9-a458-632785af3758,2012-08-24 14:00:00 +02:00,204,3e8b871a-f6f6-4bfc-852c-35b553d8a1b1
acaad0e7-3077-42bc-aab9-f27abec8b790,1000000,b79821f8-4d93-43fe-9fd0-ec795d403126,a5e4ce01-72e1-408b-b854-9616314823b6,2012-08-24 14:00:00 +02:00,204,3e8b871a-f6f6-4bfc-852c-35b553d8a1b1
bbace9ca-0271-4859-96e0-ae6d9fb53318,1000000,b79821f8-4d93-43fe-9fd0-ec795d403126,84e6ed7f-4915-4476-91b5-f26eb0d203cf,2012-08-24 14:00:00 +02:00,204,3e8b871a-f6f6-4bfc-852c-35b553d8a1b1
743ea079-6a65-4d6e-a05a-4e87de812684,1000000,b79821f8-4d93-43fe-9fd0-ec795d403126,5fcd7d15-1aff-4279-9c45-1e4ae0555d7a,2012-08-24 14:00:00 +02:00,204,3e8b871a-f6f6-4bfc-852c-35b553d8a1b1
1815910a-3c58-464e-b76a-3c00c6313052,1000000,b79821f8-4d93-43fe-9fd0-ec795d403126,8b93a385-92be-4bde-b74b-557d3e19ab18,2012-08-24 14:00:00 +02:00,204,3e8b871a-f6f6-4bfc-852c-35b553d8a1b1
630b3ab4-65a9-435f-830b-7073411fadf9,1000000,b79821f8-4d93-43fe-9fd0-ec795d403126,280e21a6-e525-42cb-abe5-c7a9e7c9a3b2,2012-08-24 14:00:00 +02:00,204,3e8b871a-f6f6-4bfc-852c-35b553d8a1b1
423e23f1-9653-4fbd-b749-9782aa032ef1,1000000,b79821f8-4d93-43fe-9fd0-ec795d403126,3962da5b-fab2-468e-836b-3602268c3391,2012-08-24 14:00:00 +02:00,204,3e8b871a-f6f6-4bfc-852c-35b553d8a1b1
eacc796c-6bed-4280-8986-a7134950343c,1000000,b79821f8-4d93-43fe-9fd0-ec795d403126,9c9b5dda-ede7-4cec-8716-293c63dcb8e3,2012-08-24 14:00:00 +02:00,204,3e8b871a-f6f6-4bfc-852c-35b553d8a1b1
348d6254-a684-450c-bdb8-13722ed4708f,1000000,b79821f8-4d93-43fe-9fd0-ec795d403126,76828fdf-c17c-4d14-95df-d1b3b388d3dd,2012-08-24 14:00:00 +02:00,204,3e8b871a-f6f6-4bfc-852c-35b553d8a1b1
a5f30af7-45a4-452f-bbb0-663a1ce75ac5,1000000,b79821f8-4d93-43fe-9fd0-ec795d403126,d51e95ec-c082-458b-89d5-ec3b1b3c2d59,2012-08-24 14:00:00 +02:00,204,3e8b871a-f6f6-4bfc-852c-35b553d8a1b1
53927a9f-8e88-4c5d-b1b1-428da953f171,1000000,b79821f8-4d93-43fe-9fd0-ec795d403126,a694b9fd-8d14-4c14-9e5a-2d5f8d19c80f,2012-08-24 14:00:00 +02:00,204,3e8b871a-f6f6-4bfc-852c-35b553d8a1b1
32ce73b9-f7ad-4b45-963f-9fc641872282,1000000,b79821f8-4d93-43fe-9fd0-ec795d403126,0c95c4b0-89c9-4da1-9a9d-1b38961ca214,2012-08-24 14:00:00 +02:00,204,3e8b871a-f6f6-4bfc-852c-35b553d8a1b1
4ad4f524-5db1-4e4c-b896-ae0797d2794d,1000000,b79821f8-4d93-43fe-9fd0-ec795d403126,8d9fdda3-20a4-4074-832f-3b7063588ede,2012-08-24 14:00:00 +02:00,204,3e8b871a-f6f6-4bfc-852c-35b553d8a1b1
6a388702-517b-4d18-a524-a9d030400709,1000000,b79821f8-4d93-43fe-9fd0-ec795d403126,7b3e84f0-5a50-4970-8072-8917d2833c2b,2012-08-24 14:00:00 +02:00,204,3e8b871a-f6f6-4bfc-852c-35b553d8a1b1
8f2d5a7f-b618-42a7-a5cf-57e45acf67f7,1000000,b79821f8-4d93-43fe-9fd0-ec795d403126,e26e6650-b21e-42a8-99a2-655ac94365c8,2012-08-24 14:00:00 +02:00,204,3e8b871a-f6f6-4bfc-852c-35b553d8a1b1
7def7848-7548-46bc-b317-b91c85954c1a,1000000,b79821f8-4d93-43fe-9fd0-ec795d403126,cb2f572c-2c83-43a3-82e2-79e07682c5f1,2012-08-24 14:00:00 +02:00,204,3e8b871a-f6f6-4bfc-852c-35b553d8a1b1
7e317d57-4e5a-4ea1-ab34-88908c1f347c,1000000,b79821f8-4d93-43fe-9fd0-ec795d403126,05cd6514-6a45-42ca-a9e0-c7f2df1bedb7,2012-08-24 14:00:00 +02:00,204,3e8b871a-f6f6-4bfc-852c-35b553d8a1b1
10f7eb0c-3de0-4157-a827-9129bbc6ed4e,1000000,b79821f8-4d93-43fe-9fd0-ec795d403126,3d5d6ee7-7979-472b-9105-daba0cceacf2,2012-08-24 14:00:00 +02:00,204,3e8b871a-f6f6-4bfc-852c-35b553d8a1b1
e27a9dd1-ef60-4851-a147-37a5bc3cc61a,1000000,b79821f8-4d93-43fe-9fd0-ec795d403126,e1eaef26-94ab-4a04-9528-0075ac87a22a,2012-08-24 14:00:00 +02:00,204,3e8b871a-f6f6-4bfc-852c-35b553d8a1b1
3b92a7b0-dc48-46c9-a82e-0958616e6693,1000000,b79821f8-4d93-43fe-9fd0-ec795d403126,c0af6262-1d2d-4875-8169-6525f2728a96,2012-08-24 14:00:00 +02:00,204,3e8b871a-f6f6-4bfc-852c-35b553d8a1b1
4a829223-5569-4033-b848-4e88f13c47b5,1000000,b79821f8-4d93-43fe-9fd0-ec795d403126,5410e860-7d84-4232-bba8-21321a88508d,2012-08-24 14:00:00 +02:00,204,3e8b871a-f6f6-4bfc-852c-35b553d8a1b1
e4991ff1-e327-44e0-bb30-2a687b9220c0,1000000,b79821f8-4d93-43fe-9fd0-ec795d403126,4924e4c0-4e4a-4500-bf95-f2739a6cd059,2012-08-24 14:00:00 +02:00,204,3e8b871a-f6f6-4bfc-852c-35b553d8a1b1
0cea218c-0c87-4a87-9a35-6714cdfe8664,1000000,b79821f8-4d93-43fe-9fd0-ec795d403126,f9f6497d-a918-4447-be7c-78e04dd14812,2012-08-24 14:00:00 +02:00,204,3e8b871a-f6f6-4bfc-852c-35b553d8a1b1
267ab660-3d86-48fd-802e-d77f7900eed9,1000000,b79821f8-4d93-43fe-9fd0-ec795d403126,6adb23c2-5ab2-479e-b3dd-1b7db1f31480,2012-08-24 14:00:00 +02:00,204,3e8b871a-f6f6-4bfc-852c-35b553d8a1b1
86924d52-1ce2-48c3-beef-bd0c67dac7a5,1000000,b79821f8-4d93-43fe-9fd0-ec795d403126,a30a3e81-5dd6-4b63-9bd1-5aa2e39b3490,2012-08-24 14:00:00 +02:00,204,3e8b871a-f6f6-4bfc-852c-35b553d8a1b1
66e24b7b-37f8-407e-b144-ffa4424b7f56,1000000,b79821f8-4d93-43fe-9fd0-ec795d403126,2191d128-197a-43bf-ba96-ce955e94ed29,2012-08-24 14:00:00 +02:00,204,3e8b871a-f6f6-4bfc-852c-35b553d8a1b1
8db9312c-a12c-4e0b-a933-afbb709348d8,1000000,b79821f8-4d93-43fe-9fd0-ec795d403126,903b0eec-b691-4f2c-82dd-ea454bffdf04,2012-08-24 14:00:00 +02:00,204,3e8b871a-f6f6-4bfc-852c-35b553d8a1b1
bd56b343-2b7d-40e8-9994-840b53649161,1000000,b79821f8-4d93-43fe-9fd0-ec795d403126,f81ca782-cb24-492e-8496-c242612ac61e,2012-08-24 14:00:00 +02:00,204,3e8b871a-f6f6-4bfc-852c-35b553d8a1b1
f00d04c3-8dd8-4cc9-b78f-ac7df972f0dc,1000000,b79821f8-4d93-43fe-9fd0-ec795d403126,ec7b7b86-46f7-4210-be55-542235059d27,2012-08-24 14:00:00 +02:00,204,3e8b871a-f6f6-4bfc-852c-35b553d8a1b1
55909bf1-670b-407a-a67e-5a69a98c0450,1000000,b79821f8-4d93-43fe-9fd0-ec795d403126,8c1ef95b-bef1-459e-a8b3-67d468277cb2,2012-08-24 14:00:00 +02:00,204,3e8b871a-f6f6-4bfc-852c-35b553d8a1b1
48a05246-b0e8-4f32-b0eb-12b9b610ca19,1000000,b79821f8-4d93-43fe-9fd0-ec795d403126,e94c1cd2-586a-4487-b7d4-f9bd3d1eb006,2012-08-24 14:00:00 +02:00,204,3e8b871a-f6f6-4bfc-852c-35b553d8a1b1
f9dd4093-8c54-4b2d-800e-03e9bf680882,1000000,b79821f8-4d93-43fe-9fd0-ec795d403126,06ef7604-dfff-42e6-86ca-b555a2efd3dc,2012-08-24 14:00:00 +02:00,204,3e8b871a-f6f6-4bfc-852c-35b553d8a1b1
21fbd354-f7a1-48e6-8cb4-755c95bc1a30,1000000,b79821f8-4d93-43fe-9fd0-ec795d403126,e1cbd340-55e1-48f6-8a50-459a2a58710d,2012-08-24 14:00:00 +02:00,204,3e8b871a-f6f6-4bfc-852c-35b553d8a1b1
32068e62-eec9-4748-9a3f-284bfeab0469,1000000,b79821f8-4d93-43fe-9fd0-ec795d403126,8e74cd14-e4a9-4a10-bdcb-d2044c2e7421,2012-08-24 14:00:00 +02:00,204,3e8b871a-f6f6-4bfc-852c-35b553d8a1b1
d6d24ea2-9dbf-44ff-af3d-0db708826c62,1000000,b79821f8-4d93-43fe-9fd0-ec795d403126,af8f20e5-5378-42f1-8601-c609d90a345d,2012-08-24 14:00:00 +02:00,204,3e8b871a-f6f6-4bfc-852c-35b553d8a1b1
942fb173-55ef-4bfe-b040-e7e59853dd24,1000000,b79821f8-4d93-43fe-9fd0-ec795d403126,7faf1a90-cf9c-4cec-a0e1-0619d3768148,2012-08-24 14:00:00 +02:00,204,3e8b871a-f6f6-4bfc-852c-35b553d8a1b1
91754475-e02d-4f0e-868b-a0bd3edc01cc,1000000,b79821f8-4d93-43fe-9fd0-ec795d403126,eca607b7-f0ca-4b9e-98a1-2d93c04553a8,2012-08-24 14:00:00 +02:00,204,3e8b871a-f6f6-4bfc-852c-35b553d8a1b1
a012b22a-19c6-40a8-ba3d-4cf46e09d5ad,1000000,b79821f8-4d93-43fe-9fd0-ec795d403126,4ae7cfb6-93df-496c-b056-d4a08d9c3dd6,2012-08-24 14:00:00 +02:00,204,3e8b871a-f6f6-4bfc-852c-35b553d8a1b1
dc5cbfac-e456-4f1c-a748-ca226b9e7b39,1000000,b79821f8-4d93-43fe-9fd0-ec795d403126,4c2335aa-b951-4961-a58e-4ea911992084,2012-08-24 14:00:00 +02:00,204,3e8b871a-f6f6-4bfc-852c-35b553d8a1b1
11ee7755-da00-456a-849d-2d91725732ce,1000000,b79821f8-4d93-43fe-9fd0-ec795d403126,fafe9c18-c1fa-4e3d-abf1-1742e0af7c2f,2012-08-24 14:00:00 +02:00,204,3e8b871a-f6f6-4bfc-852c-35b553d8a1b1
51dd589a-7385-4fcc-a1ac-115311299267,1000000,b79821f8-4d93-43fe-9fd0-ec795d403126,c28744d2-c036-4a47-a168-911873895a92,2012-08-24 14:00:00 +02:00,204,3e8b871a-f6f6-4bfc-852c-35b553d8a1b1
d737162d-73c1-4c73-ae57-28f9d7c76548,1000000,b79821f8-4d93-43fe-9fd0-ec795d403126,e0aacb96-32df-4aa6-a9db-d7246c82ca0f,2012-08-24 14:00:00 +02:00,204,3e8b871a-f6f6-4bfc-852c-35b553d8a1b1
f1beb540-fc34-418a-9078-55d6e9cc9d26,1000000,b79821f8-4d93-43fe-9fd0-ec795d403126,8431a757-c44b-4f91-999f-0c457a027dc6,2012-08-24 14:00:00 +02:00,204,3e8b871a-f6f6-4bfc-852c-35b553d8a1b1
dbab2752-80c7-4eae-900d-4a4ca18e59ac,1000000,b79821f8-4d93-43fe-9fd0-ec795d403126,b6be75bc-9619-49ff-a94c-dc680d42df2e,2012-08-24 14:00:00 +02:00,204,3e8b871a-f6f6-4bfc-852c-35b553d8a1b1
5197c882-1fb0-4d7c-88a6-e4477dc5bdf5,1000000,b79821f8-4d93-43fe-9fd0-ec795d403126,8d61e493-2e4d-43c0-9e3d-0c445708a3f0,2012-08-24 14:00:00 +02:00,204,3e8b871a-f6f6-4bfc-852c-35b553d8a1b1
333f9e9d-0da6-4929-a8a8-865533bc2ac6,1000000,b79821f8-4d93-43fe-9fd0-ec795d403126,4e8b0cd7-3ba9-4429-914a-9009e7f5f301,2012-08-24 14:00:00 +02:00,204,3e8b871a-f6f6-4bfc-852c-35b553d8a1b1
be225f8f-74a6-439c-ba4e-691d60a85504,1000000,b79821f8-4d93-43fe-9fd0-ec795d403126,af2d8a4f-7d35-4a22-89e1-ddfd4356c998,2012-08-24 14:00:00 +02:00,204,3e8b871a-f6f6-4bfc-852c-35b553d8a1b1
485c5c18-6df1-4297-8075-9b00ecf62a0e,1000000,b79821f8-4d93-43fe-9fd0-ec795d403126,9b843dfa-ace1-47e1-bdeb-44c880e8b4d0,2012-08-24 14:00:00 +02:00,204,3e8b871a-f6f6-4bfc-852c-35b553d8a1b1
59ad8f78-7f23-4072-a904-ebadce1217dc,1000000,b79821f8-4d93-43fe-9fd0-ec795d403126,62a5b7e2-b635-4214-896c-cf27e17c4d6d,2012-08-24 14:00:00 +02:00,204,3e8b871a-f6f6-4bfc-852c-35b553d8a1b1
27f9eb96-96d4-4a0d-8a2d-e8d8dd7e2a88,1000000,b79821f8-4d93-43fe-9fd0-ec795d403126,20aaf386-f06b-4f82-9d13-b6374ec8db18,2012-08-24 14:00:00 +02:00,204,3e8b871a-f6f6-4bfc-852c-35b553d8a1b1
4920aed6-a999-41c2-ac19-ad355e955d1d,1000000,b79821f8-4d93-43fe-9fd0-ec795d403126,5abea93f-2a06-4f1b-978a-f33130029644,2012-08-24 14:00:00 +02:00,204,3e8b871a-f6f6-4bfc-852c-35b553d8a1b1
9ac11fee-0985-466f-b5e6-aecc079259de,1000000,b79821f8-4d93-43fe-9fd0-ec795d403126,5a4be6f0-fbf3-4e54-9f3d-f1f70ce4fb55,2012-08-24 14:00:00 +02:00,204,3e8b871a-f6f6-4bfc-852c-35b553d8a1b1
ee8e03c3-332a-4fe8-b161-535b355c84d0,1000000,b79821f8-4d93-43fe-9fd0-ec795d403126,7246dcfb-1738-4b52-8236-694b2717a47f,2012-08-24 14:00:00 +02:00,204,3e8b871a-f6f6-4bfc-852c-35b553d8a1b1
4c193b84-e27c-499f-bbfb-9e6a4ed1271f,1000000,b79821f8-4d93-43fe-9fd0-ec795d403126,f189aa1f-26e5-4fb4-93c9-f3915bc9f016,2012-08-24 14:00:00 +02:00,204,3e8b871a-f6f6-4bfc-852c-35b553d8a1b1
6a067626-133f-4296-b55b-219123591999,1000000,b79821f8-4d93-43fe-9fd0-ec795d403126,d5908b7c-4d45-4b00-92b1-90f71876cc3e,2012-08-24 14:00:00 +02:00,204,3e8b871a-f6f6-4bfc-852c-35b553d8a1b1
2d04829e-c9ae-4fbd-8a6a-c7b2f0e8bea2,1000000,b79821f8-4d93-43fe-9fd0-ec795d403126,51238204-732e-4832-a474-db9fb4f317f9,2012-08-24 14:00:00 +02:00,204,3e8b871a-f6f6-4bfc-852c-35b553d8a1b1
e10d64ac-4e70-4ef2-b4e1-fb0917efa208,1000000,b79821f8-4d93-43fe-9fd0-ec795d403126,1145fa59-c62f-4b7d-bf9d-40303167915f,2012-08-24 14:00:00 +02:00,204,3e8b871a-f6f6-4bfc-852c-35b553d8a1b1
